{
    "variants": [
        {
            "name": "albino",
            "weight": 75,
            "allowed_biomes": {
                "biome": [
                    "minecraft:snowy_plains",
                    "minecraft:windswept_hills",
                    "minecraft:windswept_forest",
                    "minecraft:sparse_jungle",
                    "minecraft:meadow",
                    "minecraft:grove",
                    "minecraft:flower_forest",
                    "minecraft:forest",
                    "minecraft:birch_forest",
                    "minecraft:old_growth_birch_forest",
                ]
            }
        },
        {
            "name": "melanistic",
            "weight": 70,
            "allowed_biomes": {
                "biome": [
                    "minecraft:windswept_gravelly_hills",
                    "minecraft:windswept_hills",
                    "minecraft:windswept_forest",
                    "minecraft:sparse_jungle",
                    "minecraft:meadow",
                    "minecraft:grove",
                    "minecraft:flower_forest",
                    "minecraft:forest",
                    "minecraft:savanna",
                    "minecraft:windswept_savanna",
                    "minecraft:savanna_plateau"
                ]
            }
        },
        {
            "name": "cane",
            "weight": 90,
            "allowed_biomes": {
                "biome": [
                    "minecraft:windswept_gravelly_hills",
                    "minecraft:windswept_hills",
                    "minecraft:windswept_forest",
                    "minecraft:sparse_jungle",
                    "minecraft:meadow",
                    "minecraft:grove",
                    "minecraft:flower_forest",
                    "minecraft:forest",
                    "minecraft:savanna",
                    "minecraft:windswept_savanna",
                    "minecraft:savanna_plateau"
                ]
            }
        }
    ]
}