{
    "variants": [
        {
            "name": "albino",
            "weight": 75,
            "allowed_biomes": {
                "biome": [
                    "minecraft:wooded_bandlands",
                    "minecraft:badlands",
                    "minecraft:eroded_badlands",
                    "minecraft:windswept_hills",
                    "minecraft:windswept_gravelly_hills",
                    "minecraft:windswept_forest"
                ]
            }
        },
        {
            "name": "melanistic",
            "weight": 70,
            "allowed_biomes": {
                "biome": [
                    "minecraft:wooded_bandlands",
                    "minecraft:badlands",
                    "minecraft:eroded_badlands",
                    "minecraft:windswept_hills",
                    "minecraft:windswept_gravelly_hills",
                    "minecraft:windswept_forest"
                ]
            }
        },
        {
            "name": "mint",
            "weight": 300,
            "allowed_biomes": {
                "biome": [
                    "minecraft:wooded_bandlands",
                    "minecraft:badlands",
                    "minecraft:eroded_badlands",
                    "minecraft:windswept_hills",
                    "minecraft:windswept_gravelly_hills",
                    "minecraft:windswept_forest"
                ]
            }
        },
        {
            "name": "frost",
            "weight": 200,
            "allowed_biomes": {
                "biome": [
                    "minecraft:wooded_bandlands",
                    "minecraft:badlands",
                    "minecraft:eroded_badlands",
                    "minecraft:windswept_hills",
                    "minecraft:windswept_gravelly_hills",
                    "minecraft:windswept_forest"
                ]
            }
        },
        {
            "name": "tsukarion",
            "weight": 100,
            "allowed_biomes": {
                "biome": [
                    "minecraft:wooded_bandlands",
                    "minecraft:badlands",
                    "minecraft:eroded_badlands"
                ]
            }
        }
    ]
}