{
    "variants": [
        {
            "name": "dart_alpha",
            "weight": 3
        },
        {
            "name": "ruffrunner_alpha",
            "weight": 3
        },
        {
            "name": "pouncer_alpha",
            "weight": 3
        },
        {
            "name": "appaloosa_alpha",
            "weight": 3
        },
        {
            "name": "ashwing_alpha",
            "weight": 3
        },
        {
            "name": "dusk_alpha",
            "weight": 3
        },
        {
            "name": "harlequeen_alpha",
            "weight": 4
        },
        {
            "name": "iridescence_alpha",
            "weight": 4
        },
        {
            "name": "leopard_alpha",
            "weight": 4
        },
        {
            "name": "nightdancer_alpha",
            "weight": 4
        },
        {
            "name": "skydancer_alpha",
            "weight": 4
        },
        {
            "name": "tiger_alpha",
            "weight": 1
        },
        {
            "name": "dart",
            "weight": 7
        },
        {
            "name": "ruffrunner",
            "weight": 7
        },
        {
            "name": "pouncer",
            "weight": 7
        },
        {
            "name": "appaloosa",
            "weight": 7
        },
        {
            "name": "ashwing",
            "weight": 7
        },
        {
            "name": "dusk",
            "weight": 7
        },
        {
            "name": "harlequeen",
            "weight": 8
        },
        {
            "name": "iridescence",
            "weight": 8
        },
        {
            "name": "leopard",
            "weight": 8
        },
        {
            "name": "nightdancer",
            "weight": 8
        },
        {
            "name": "skydancer",
            "weight": 8
        },
        {
            "name": "tiger",
            "weight": 4
        },
        {
            "name": "cinderpot",
            "weight": 8
        },
        {
            "name": "cinderpot_alpha",
            "weight": 4
        },
        {
            "name": "iridescent",
            "weight": 8
        },
        {
            "name": "iridescent_alpha",
            "weight": 4
        },
        {
            "name": "dawn",
            "weight": 8
        },
        {
            "name": "dawn_alpha",
            "weight": 4
        },
        {
            "name": "harleking",
            "weight": 8
        },
        {
            "name": "harleking_alpha",
            "weight": 4
        },
        {
            "name": "freckles",
            "weight": 8
        },
        {
            "name": "freckles_alpha",
            "weight": 4
        },
        {
            "name": "speckle",
            "weight": 8
        },
        {
            "name": "speckle_alpha",
            "weight": 4
        },
        {
            "name": "goggles",
            "weight": 8
        },
        {
            "name": "goggles_alpha",
            "weight": 4
        },
        {
            "name": "snowflake",
            "weight": 8
        },
        {
            "name": "snowflake_alpha",
            "weight": 4
        }
    ]
}