{
    "variants": [
        {
            "name": "leucistic",
            "weight": 85,
            "allowed_biomes": {
                "biome": [
                    "minecraft:jagged_peaks",
                    "minecraft:frozen_peaks",
                    "minecraft:snowy_slopes",
                    "minecraft:stony_peaks"
                ]
            }
        },
        {
            "name": "melanistic",
            "weight": 70,
            "allowed_biomes": {
                "biome": [
                    "minecraft:jagged_peaks",
                    "minecraft:frozen_peaks",
                    "minecraft:snowy_slopes",
                    "minecraft:stony_peaks"
                ]
            }
        },
        {
            "name": "albino",
            "weight": 75,
            "allowed_biomes": {
                "biome": [
                    "minecraft:jagged_peaks",
                    "minecraft:frozen_peaks",
                    "minecraft:snowy_slopes",
                    "minecraft:stony_peaks"
                ]
            }
        },
        {
            "name": "skrill",
            "weight": 300,
            "allowed_biomes": {
                "biome": [
                    "minecraft:jagged_peaks",
                    "minecraft:frozen_peaks",
                    "minecraft:snowy_slopes",
                    "minecraft:stony_peaks"
                ]
            }
        },
        {
            "name": "crimson",
            "weight": 300,
            "allowed_biomes": {
                "biome": [
                    "minecraft:jagged_peaks",
                    "minecraft:frozen_peaks",
                    "minecraft:snowy_slopes",
                    "minecraft:stony_peaks"
                ]
            }
        },
        {
            "name": "fryrir",
            "weight": 300,
            "allowed_biomes": {
                "biome": [
                    "minecraft:jagged_peaks",
                    "minecraft:frozen_peaks",
                    "minecraft:snowy_slopes",
                    "minecraft:stony_peaks"
                ]
            }
        },
        {
            "name": "icebane",
            "weight": 300,
            "allowed_biomes": {
                "biome": [
                    "minecraft:jagged_peaks",
                    "minecraft:frozen_peaks",
                    "minecraft:snowy_slopes",
                    "minecraft:stony_peaks"
                ]
            }
        },
        {
            "name": "moonshock",
            "weight": 130,
            "allowed_biomes": {
                "biome": [
                    "minecraft:jagged_peaks",
                    "minecraft:frozen_peaks",
                    "minecraft:snowy_slopes",
                    "minecraft:stony_peaks"
                ]
            }
        },
        {
            "name": "nemesis",
            "weight": 300,
            "allowed_biomes": {
                "biome": [
                    "minecraft:jagged_peaks",
                    "minecraft:frozen_peaks",
                    "minecraft:snowy_slopes",
                    "minecraft:stony_peaks"
                ]
            }
        },
        {
            "name": "pickle",
            "weight": 300,
            "allowed_biomes": {
                "biome": [
                    "minecraft:jagged_peaks",
                    "minecraft:frozen_peaks",
                    "minecraft:snowy_slopes",
                    "minecraft:stony_peaks"
                ]
            }
        },
        {
            "name": "spring_storm",
            "weight": 200,
            "allowed_biomes": {
                "biome": [
                    "minecraft:jagged_peaks",
                    "minecraft:frozen_peaks",
                    "minecraft:snowy_slopes",
                    "minecraft:stony_peaks"
                ]
            }
        },
        {
            "name": "tempest",
            "weight": 300,
            "allowed_biomes": {
                "biome": [
                    "minecraft:jagged_peaks",
                    "minecraft:frozen_peaks",
                    "minecraft:snowy_slopes",
                    "minecraft:stony_peaks"
                ]
            }
        },
        {
            "name": "zen",
            "weight": 300,
            "allowed_biomes": {
                "biome": [
                    "minecraft:jagged_peaks",
                    "minecraft:frozen_peaks",
                    "minecraft:snowy_slopes",
                    "minecraft:stony_peaks"
                ]
            }
        },
        {
            "name": "stormshadow",
            "weight": 300,
            "allowed_biomes": {
                "biome": [
                    "minecraft:jagged_peaks",
                    "minecraft:frozen_peaks",
                    "minecraft:snowy_slopes",
                    "minecraft:stony_peaks"
                ]
            }
        },
        {
            "name": "spoopy",
            "weight": 100,
            "allowed_biomes": {
                "biome": [
                    "minecraft:jagged_peaks",
                    "minecraft:frozen_peaks",
                    "minecraft:snowy_slopes",
                    "minecraft:stony_peaks"
                ]
            }
        }
    ]
}