{
    "variants": [
        {
            "name": "albino",
            "weight": 75,
            "allowed_biomes": {
                "biome": [
                    "minecraft:wooded_bandlands",
                    "minecraft:badlands",
                    "minecraft:eroded_badlands",
                    "minecraft:savanna",
                    "minecraft:savanna_plateau",
                    "minecraft:sunflower_plains"
                ]
            }
        },
        {
            "name": "melanistic",
            "weight": 70,
            "allowed_biomes": {
                "biome": [
                    "minecraft:wooded_bandlands",
                    "minecraft:badlands",
                    "minecraft:eroded_badlands",
                    "minecraft:savanna",
                    "minecraft:savanna_plateau",
                    "minecraft:sunflower_plains"
                ]
            }
        },
        {
            "name": "titanstinger",
            "weight": 80,
            "allowed_biomes": {
                "biome": [
                    "minecraft:wooded_bandlands",
                    "minecraft:badlands",
                    "minecraft:eroded_badlands"
                ]
            }
        },
        {
            "name": "kingly",
            "weight": 150,
            "allowed_biomes": {
                "biome": [
                    "minecraft:wooded_bandlands",
                    "minecraft:badlands",
                    "minecraft:eroded_badlands",
                    "minecraft:savanna",
                    "minecraft:savanna_plateau",
                    "minecraft:sunflower_plains"
                ]
            }
        },
        {
            "name": "wildroar",
            "weight": 450,
            "allowed_biomes": {
                "biome": [
                    "minecraft:savanna",
                    "minecraft:savanna_plateau",
                    "minecraft:sunflower_plains"
                ]
            }
        },
        {
            "name": "mudsmasher",
            "weight": 450,
            "allowed_biomes": {
                "biome": [
                    "minecraft:savanna",
                    "minecraft:savanna_plateau",
                    "minecraft:sunflower_plains"
                ]
            }
        },
        {
            "name": "sandscorcher",
            "weight": 350,
            "allowed_biomes": {
                "biome": [
                    "minecraft:wooded_bandlands",
                    "minecraft:badlands",
                    "minecraft:eroded_badlands",
                    "minecraft:savanna",
                    "minecraft:savanna_plateau",
                    "minecraft:sunflower_plains"
                ]
            }
        },
        {
            "name": "coastal_predator",
            "weight": 250,
            "allowed_biomes": {
                "biome": [
                    "minecraft:wooded_bandlands",
                    "minecraft:eroded_badlands",
                    "minecraft:savanna_plateau"
                ]
            }
        },
        {
            "name": "badlands",
            "weight": 300,
            "allowed_biomes": {
                "biome": [
                    "minecraft:wooded_bandlands",
                    "minecraft:badlands",
                    "minecraft:eroded_badlands",
                ]
            }
        },
        {
            "name": "rexy",
            "weight": 250,
            "allowed_biomes": {
                "biome": [
                    "minecraft:savanna",
                    "minecraft:savanna_plateau",
                    "minecraft:sunflower_plains"
                ]
            }
        },
        {
            "name": "indominus",
            "weight": 150,
            "allowed_biomes": {
                "biome": [
                    "minecraft:savanna",
                    "minecraft:savanna_plateau",
                    "minecraft:sunflower_plains"
                ]
            }
        },
        {
            "name": "giga",
            "weight": 200,
            "allowed_biomes": {
                "biome": [
                    "minecraft:savanna",
                    "minecraft:savanna_plateau",
                    "minecraft:sunflower_plains"
                ]
            }
        }
    ]
}