{
    "variants": [
        {
            "name": "albino",
            "weight": 75,
            "allowed_biomes": {
                "biome": [
                    "minecraft:wooded_bandlands",
                    "minecraft:taiga",
                    "minecraft:snowy_taiga",
                    "minecraft:badlands",
                    "minecraft:old_growth_pine_taiga",
                    "minecraft:old_growth_spruce_taiga"
                ]
            }
        },
        {
            "name": "melanistic",
            "weight": 70,
            "allowed_biomes": {
                "biome": [
                    "minecraft:wooded_bandlands",
                    "minecraft:taiga",
                    "minecraft:snowy_taiga",
                    "minecraft:badlands",
                    "minecraft:old_growth_pine_taiga",
                    "minecraft:old_growth_spruce_taiga"
                ]
            }
        },
        {
            "name": "rosethorn",
            "weight": 150,
            "allowed_biomes": {
                "biome": [
                    "minecraft:wooded_bandlands",
                    "minecraft:taiga",
                    "minecraft:snowy_taiga",
                    "minecraft:badlands",
                    "minecraft:old_growth_pine_taiga",
                    "minecraft:old_growth_spruce_taiga"
                ]
            }
        },
        {
            "name": "indo",
            "weight": 150,
            "allowed_biomes": {
                "biome": [
                    "minecraft:wooded_bandlands",
                    "minecraft:badlands"

                ]
            }
        }
    ]
}