{
    "variants": [
        {
            "name": "albino",
            "weight": 75,
            "allowed_biomes": {
                "biome": [
                    "minecraft:wooded_bandlands",
                    "minecraft:badlands",
                    "minecraft:eroded_badlands",
                    "minecraft:savanna",
                    "minecraft:savanna_plateau",
                    "minecraft:sunflower_plains"
                ]
            }
        },
        {
            "name": "melanistic",
            "weight": 70,
            "allowed_biomes": {
                "biome": [
                    "minecraft:sparse_jungle",
                    "minecraft:ice_spikes",
                    "minecraft:snowy_plains",
                    "minecraft:swamp"
                ]
            }
        },
        {
            "name": "water_n_melon",
            "weight": 150,
            "allowed_biomes": {
                "biome": [
                    "minecraft:sparse_jungle",
                ]
            }
        },
        {
            "name": "kandy_n_kane",
            "weight": 150,
            "allowed_biomes": {
                "biome": [
                    "minecraft:ice_spikes",
                    "minecraft:snowy_plains",
                ]
            }
        },
        {
            "name": "brachi",
            "weight": 150,
            "allowed_biomes": {
                "biome": [
                    "minecraft:sparse_jungle",
                    "minecraft:swamp"
                ]
            }
        },
        {
            "name": "pistill",
            "weight": 250,
            "allowed_biomes": {
                "biome": [
                    "minecraft:sparse_jungle",
                    "minecraft:ice_spikes",
                    "minecraft:snowy_plains",
                    "minecraft:swamp"
                ]
            }
        },
        {
            "name": "leaf_n_bark",
            "weight": 450,
            "allowed_biomes": {
                "biome": [
                    "minecraft:sparse_jungle",
                    "minecraft:ice_spikes",
                    "minecraft:snowy_plains",
                    "minecraft:swamp"
                ]
            }
        },
        {
            "name": "sandr",
            "weight": 350,
            "allowed_biomes": {
                "biome": [
                    "minecraft:sparse_jungle",
                    "minecraft:ice_spikes",
                    "minecraft:snowy_plains",
                    "minecraft:swamp"
                ]
            }
        },
        {
            "name": "exiled",
            "weight": 250,
            "allowed_biomes": {
                "biome": [
                    "minecraft:sparse_jungle",
                    "minecraft:ice_spikes",
                    "minecraft:snowy_plains",
                    "minecraft:swamp"
                ]
            }
        },
        {
            "name": "fart_n_sniff",
            "weight": 300,
            "allowed_biomes": {
                "biome": [
                    "minecraft:sparse_jungle",
                    "minecraft:ice_spikes",
                    "minecraft:snowy_plains",
                    "minecraft:swamp"
                ]
            }
        },
        {
            "name": "hodd",
            "weight": 300,
            "allowed_biomes": {
                "biome": [
                    "minecraft:sparse_jungle",
                    "minecraft:ice_spikes",
                    "minecraft:snowy_plains",
                    "minecraft:swamp"
                ]
            }
        },
        {
            "name": "purple_n_nurple",
            "weight": 300,
            "allowed_biomes": {
                "biome": [
                    "minecraft:sparse_jungle",
                    "minecraft:ice_spikes",
                    "minecraft:snowy_plains",
                    "minecraft:swamp"
                ]
            }
        },
        {
            "name": "whip_n_lash",
            "weight": 300,
            "allowed_biomes": {
                "biome": [
                    "minecraft:sparse_jungle",
                    "minecraft:ice_spikes",
                    "minecraft:snowy_plains",
                    "minecraft:swamp"
                ]
            }
        },
        {
            "name": "hjarta",
            "weight": 300,
            "allowed_biomes": {
                "biome": [
                    "minecraft:sparse_jungle",
                    "minecraft:ice_spikes",
                    "minecraft:snowy_plains",
                    "minecraft:swamp"
                ]
            }
        },
        {
            "name": "hamfeist",
            "weight": 300,
            "allowed_biomes": {
                "biome": [
                    "minecraft:sparse_jungle",
                    "minecraft:ice_spikes",
                    "minecraft:snowy_plains",
                    "minecraft:swamp"
                ]
            }
        }
    ]
}