{
    "type": "minecraft:chest",
    "pools": [
      {
        "rolls": {
          "type": "minecraft:uniform",
          "min": 2,
          "max": 6
        },
        "bonus_rolls": 0,
        "entries": [
          {
            "type": "minecraft:item",
            "weight": 5,
            "functions": [
              {
                "function": "minecraft:set_count",
                "count": {
                  "type": "minecraft:uniform",
                  "min": 2,
                  "max": 7
                },
                "add": false
              }
            ],
            "name": "minecraft:diamond"
          },
          {
            "type": "minecraft:item",
            "weight": 10,
            "functions": [
              {
                "function": "minecraft:set_count",
                "count": {
                  "type": "minecraft:uniform",
                  "min": 4,
                  "max": 8
                },
                "add": false
              }
            ],
            "name": "minecraft:iron_ingot"
          },
          {
            "type": "minecraft:item",
            "weight": 15,
            "functions": [
              {
                "function": "minecraft:set_count",
                "count": {
                  "type": "minecraft:uniform",
                  "min": 2,
                  "max": 7
                },
                "add": false
              }
            ],
            "name": "minecraft:gold_ingot"
          },
          {
            "type": "minecraft:item",
            "weight": 2,
            "functions": [
              {
                "function": "minecraft:set_count",
                "count": {
                  "type": "minecraft:uniform",
                  "min": 2,
                  "max": 6
                },
                "add": false
              }
            ],
            "name": "minecraft:emerald"
          },
          {
            "type": "minecraft:item",
            "weight": 5,
            "functions": [
              {
                "function": "minecraft:set_count",
                "count": {
                  "type": "minecraft:uniform",
                  "min": 1,
                  "max": 10
                },
                "add": false
              }
            ],
            "name": "minecraft:beetroot_seeds"
          },
          {
            "type": "minecraft:item",
            "weight": 3,
            "name": "minecraft:saddle"
          },
          {
            "type": "minecraft:item",
            "name": "minecraft:iron_horse_armor"
          },
          {
            "type": "minecraft:item",
            "name": "minecraft:golden_horse_armor"
          },
          {
            "type": "minecraft:item",
            "name": "minecraft:diamond_horse_armor"
          },
          {
            "type": "minecraft:item",
            "weight": 3,
            "functions": [
              {
                "function": "minecraft:enchant_with_levels",
                "levels": {
                  "type": "minecraft:uniform",
                  "min": 20,
                  "max": 39
                },
                "treasure": true
              }
            ],
            "name": "minecraft:diamond_sword"
          },
          {
            "type": "minecraft:item",
            "weight": 3,
            "functions": [
              {
                "function": "minecraft:enchant_with_levels",
                "levels": {
                  "type": "minecraft:uniform",
                  "min": 20,
                  "max": 39
                },
                "treasure": true
              }
            ],
            "name": "minecraft:diamond_boots"
          },
          {
            "type": "minecraft:item",
            "weight": 3,
            "functions": [
              {
                "function": "minecraft:enchant_with_levels",
                "levels": {
                  "type": "minecraft:uniform",
                  "min": 20,
                  "max": 39
                },
                "treasure": true
              }
            ],
            "name": "minecraft:diamond_chestplate"
          },
          {
            "type": "minecraft:item",
            "weight": 3,
            "functions": [
              {
                "function": "minecraft:enchant_with_levels",
                "levels": {
                  "type": "minecraft:uniform",
                  "min": 20,
                  "max": 39
                },
                "treasure": true
              }
            ],
            "name": "minecraft:diamond_leggings"
          },
          {
            "type": "minecraft:item",
            "weight": 3,
            "functions": [
              {
                "function": "minecraft:enchant_with_levels",
                "levels": {
                  "type": "minecraft:uniform",
                  "min": 20,
                  "max": 39
                },
                "treasure": true
              }
            ],
            "name": "minecraft:diamond_helmet"
          },
          {
            "type": "minecraft:item",
            "weight": 3,
            "functions": [
              {
                "function": "minecraft:enchant_with_levels",
                "levels": {
                  "type": "minecraft:uniform",
                  "min": 20,
                  "max": 39
                },
                "treasure": true
              }
            ],
            "name": "minecraft:diamond_pickaxe"
          },
          {
            "type": "minecraft:item",
            "weight": 3,
            "functions": [
              {
                "function": "minecraft:enchant_with_levels",
                "levels": {
                  "type": "minecraft:uniform",
                  "min": 20,
                  "max": 39
                },
                "treasure": true
              }
            ],
            "name": "minecraft:diamond_shovel"
          },
          {
            "type": "minecraft:item",
            "weight": 3,
            "functions": [
              {
                "function": "minecraft:enchant_with_levels",
                "levels": {
                  "type": "minecraft:uniform",
                  "min": 20,
                  "max": 39
                },
                "treasure": true
              }
            ],
            "name": "minecraft:iron_sword"
          },
          {
            "type": "minecraft:item",
            "weight": 3,
            "functions": [
              {
                "function": "minecraft:enchant_with_levels",
                "levels": {
                  "type": "minecraft:uniform",
                  "min": 20,
                  "max": 39
                },
                "treasure": true
              }
            ],
            "name": "minecraft:iron_boots"
          },
          {
            "type": "minecraft:item",
            "weight": 3,
            "functions": [
              {
                "function": "minecraft:enchant_with_levels",
                "levels": {
                  "type": "minecraft:uniform",
                  "min": 20,
                  "max": 39
                },
                "treasure": true
              }
            ],
            "name": "minecraft:iron_chestplate"
          },
          {
            "type": "minecraft:item",
            "weight": 3,
            "functions": [
              {
                "function": "minecraft:enchant_with_levels",
                "levels": {
                  "type": "minecraft:uniform",
                  "min": 20,
                  "max": 39
                },
                "treasure": true
              }
            ],
            "name": "minecraft:iron_leggings"
          },
          {
            "type": "minecraft:item",
            "weight": 3,
            "functions": [
              {
                "function": "minecraft:enchant_with_levels",
                "levels": {
                  "type": "minecraft:uniform",
                  "min": 20,
                  "max": 39
                },
                "treasure": true
              }
            ],
            "name": "minecraft:iron_helmet"
          },
          {
            "type": "minecraft:item",
            "weight": 3,
            "functions": [
              {
                "function": "minecraft:enchant_with_levels",
                "levels": {
                  "type": "minecraft:uniform",
                  "min": 20,
                  "max": 39
                },
                "treasure": true
              }
            ],
            "name": "minecraft:iron_pickaxe"
          },
          {
            "type": "minecraft:item",
            "weight": 3,
            "functions": [
              {
                "function": "minecraft:enchant_with_levels",
                "levels": {
                  "type": "minecraft:uniform",
                  "min": 20,
                  "max": 39
                },
                "treasure": true
              }
            ],
            "name": "minecraft:iron_shovel"
          },
          {
            "type": "item",
            "weight": 3,
            "name": "isleofberk:triple_stryke_egg",
            "functions": [
              {
                "function": "set_count",
                "count": 1
              },
              {
                "function": "set_nbt",
                "tag": "{VariantName:ender}"
              }
            ]
          }
        ]
      }
    ]
  }