{
  "type": "generic",
  "pools": [
    {
      "rolls": 1,
      "entries": [
        {
          "type": "item",
          "weight": 1,
          "name": "isleofberk:monstrous_nightmare_egg",
          "functions": [
            {
              "function": "set_count",
              "count": 1
            },
            {
              "function": "set_nbt",
              "tag": "{VariantName:boneknapper}"
            }
          ]
        },
        {
          "type": "item",
          "weight": 1,
          "name": "isleofberk:monstrous_nightmare_egg",
          "functions": [
            {
              "function": "set_count",
              "count": 1
            },
            {
              "function": "set_nbt",
              "tag": "{VariantName:albino_boneknapper}"
            }
          ]
        },
        {
          "type": "item",
          "weight": 1,
          "name": "isleofberk:monstrous_nightmare_egg",
          "functions": [
            {
              "function": "set_count",
              "count": 1
            },
            {
              "function": "set_nbt",
              "tag": "{VariantName:cryptbone}"
            }
          ]
        },
        {
          "type": "item",
          "weight": 1,
          "name": "isleofberk:monstrous_nightmare_egg",
          "functions": [
            {
              "function": "set_count",
              "count": 1
            },
            {
              "function": "set_nbt",
              "tag": "{VariantName:dune}"
            }
          ]
        },
        {
          "type": "item",
          "weight": 1,
          "name": "isleofberk:monstrous_nightmare_egg",
          "functions": [
            {
              "function": "set_count",
              "count": 1
            },
            {
              "function": "set_nbt",
              "tag": "{VariantName:jeremy}"
            }
          ]
        },
        {
          "type": "item",
          "weight": 1,
          "name": "isleofberk:monstrous_nightmare_egg",
          "functions": [
            {
              "function": "set_count",
              "count": 1
            },
            {
              "function": "set_nbt",
              "tag": "{VariantName:jollyknapper}"
            }
          ]
        },
        {
          "type": "item",
          "weight": 1,
          "name": "isleofberk:monstrous_nightmare_egg",
          "functions": [
            {
              "function": "set_count",
              "count": 1
            },
            {
              "function": "set_nbt",
              "tag": "{VariantName:melanistic_boneknapper}"
            }
          ]
        },
        {
          "type": "item",
          "weight": 1,
          "name": "isleofberk:monstrous_nightmare_egg",
          "functions": [
            {
              "function": "set_count",
              "count": 1
            },
            {
              "function": "set_nbt",
              "tag": "{VariantName:primalknapper}"
            }
          ]
        },
        {
          "type": "item",
          "weight": 1,
          "name": "isleofberk:monstrous_nightmare_egg",
          "functions": [
            {
              "function": "set_count",
              "count": 1
            },
            {
              "function": "set_nbt",
              "tag": "{VariantName:skullcrown}"
            }
          ]
        },
        {
          "type": "item",
          "weight": 1,
          "name": "isleofberk:monstrous_nightmare_egg",
          "functions": [
            {
              "function": "set_count",
              "count": 1
            },
            {
              "function": "set_nbt",
              "tag": "{VariantName:sugarknapper}"
            }
          ]
        },
        {
          "type": "item",
          "weight": 1,
          "name": "isleofberk:monstrous_nightmare_egg",
          "functions": [
            {
              "function": "set_count",
              "count": 1
            },
            {
              "function": "set_nbt",
              "tag": "{VariantName:witherbone}"
            }
          ]
        }
      ]
    }
  ]
}
