{
    "type": "generic",
    "pools": [
      {
        "rolls": 1,
        "entries": [
          {
            "type": "loot_table",
            "weight": 1,
            "name": "additions:gronckle",
            "functions": [
              {
                "function": "set_count",
                "count": 1
              }
            ]
          },
          {
            "type": "loot_table",
            "weight": 1,
            "name": "additions:hotburple",
            "functions": [
              {
                "function": "set_count",
                "count": 1
              }
            ]
          },
          {
            "type": "loot_table",
            "weight": 1,
            "name": "additions:graveknapper",
            "functions": [
              {
                "function": "set_count",
                "count": 1
              }
            ]
          },
          {
            "type": "loot_table",
            "weight": 1,
            "name": "additions:hushboggle",
            "functions": [
              {
                "function": "set_count",
                "count": 1
              }
            ]
          },
          {
            "type": "loot_table",
            "weight": 1,
            "name": "additions:screaming_death",
            "functions": [
              {
                "function": "set_count",
                "count": 1
              }
            ]
          },
          {
            "type": "loot_table",
            "weight": 1,
            "name": "additions:sentinel",
            "functions": [
              {
                "function": "set_count",
                "count": 1
              }
            ]
          },
          {
            "type": "loot_table",
            "weight": 1,
            "name": "additions:whispering_death",
            "functions": [
              {
                "function": "set_count",
                "count": 1
              }
            ]
          }
        ]
      }
    ]
  }