{
  "type": "generic",
  "pools": [
    {
      "rolls": 1,
      "entries": [
        {
          "type": "item",
          "weight": 1,
          "name": "isleofberk:triple_stryke_egg",
          "functions": [
            {
              "function": "set_count",
              "count": 1
            },
            {
              "function": "set_nbt",
              "tag": "{VariantName:deathgripper}"
            }
          ]
        },
        {
          "type": "item",
          "weight": 1,
          "name": "isleofberk:triple_stryke_egg",
          "functions": [
            {
              "function": "set_count",
              "count": 1
            },
            {
              "function": "set_nbt",
              "tag": "{VariantName:banan}"
            }
          ]
        },
        {
          "type": "item",
          "weight": 1,
          "name": "isleofberk:triple_stryke_egg",
          "functions": [
            {
              "function": "set_count",
              "count": 1
            },
            {
              "function": "set_nbt",
              "tag": "{VariantName:blood}"
            }
          ]
        },
        {
          "type": "item",
          "weight": 1,
          "name": "isleofberk:triple_stryke_egg",
          "functions": [
            {
              "function": "set_count",
              "count": 1
            },
            {
              "function": "set_nbt",
              "tag": "{VariantName:dg_albino}"
            }
          ]
        },
        {
          "type": "item",
          "weight": 1,
          "name": "isleofberk:triple_stryke_egg",
          "functions": [
            {
              "function": "set_count",
              "count": 1
            },
            {
              "function": "set_nbt",
              "tag": "{VariantName:dg_melanistic}"
            }
          ]
        },
        {
          "type": "item",
          "weight": 1,
          "name": "isleofberk:triple_stryke_egg",
          "functions": [
            {
              "function": "set_count",
              "count": 1
            },
            {
              "function": "set_nbt",
              "tag": "{VariantName:ender}"
            }
          ]
        },
        {
          "type": "item",
          "weight": 1,
          "name": "isleofberk:triple_stryke_egg",
          "functions": [
            {
              "function": "set_count",
              "count": 1
            },
            {
              "function": "set_nbt",
              "tag": "{VariantName:flamin_hot}"
            }
          ]
        },
        {
          "type": "item",
          "weight": 1,
          "name": "isleofberk:triple_stryke_egg",
          "functions": [
            {
              "function": "set_count",
              "count": 1
            },
            {
              "function": "set_nbt",
              "tag": "{VariantName:snowy}"
            }
          ]
        },
        {
          "type": "item",
          "weight": 1,
          "name": "isleofberk:triple_stryke_egg",
          "functions": [
            {
              "function": "set_count",
              "count": 1
            },
            {
              "function": "set_nbt",
              "tag": "{VariantName:sunset}"
            }
          ]
        },
        {
          "type": "item",
          "weight": 1,
          "name": "isleofberk:triple_stryke_egg",
          "functions": [
            {
              "function": "set_count",
              "count": 1
            },
            {
              "function": "set_nbt",
              "tag": "{VariantName:midnatt}"
            }
          ]
        }
      ]
    }
  ]
}
