{
  "type": "generic",
  "pools": [
    {
      "rolls": 1,
      "entries": [
        {
          "type": "item",
          "weight": 1,
          "name": "isleofberk:nadder_egg",
          "functions": [
            {
              "function": "set_count",
              "count": 1
            },
            {
              "function": "set_nbt",
              "tag": "{VariantName:dramillion}"
            }
          ]
        },
        {
          "type": "item",
          "weight": 1,
          "name": "isleofberk:nadder_egg",
          "functions": [
            {
              "function": "set_count",
              "count": 1
            },
            {
              "function": "set_nbt",
              "tag": "{VariantName:albino_dramillion}"
            }
          ]
        },
        {
          "type": "item",
          "weight": 1,
          "name": "isleofberk:nadder_egg",
          "functions": [
            {
              "function": "set_count",
              "count": 1
            },
            {
              "function": "set_nbt",
              "tag": "{VariantName:aquamarillion}"
            }
          ]
        },
        {
          "type": "item",
          "weight": 1,
          "name": "isleofberk:nadder_egg",
          "functions": [
            {
              "function": "set_count",
              "count": 1
            },
            {
              "function": "set_nbt",
              "tag": "{VariantName:bonnefire}"
            }
          ]
        },
        {
          "type": "item",
          "weight": 1,
          "name": "isleofberk:nadder_egg",
          "functions": [
            {
              "function": "set_count",
              "count": 1
            },
            {
              "function": "set_nbt",
              "tag": "{VariantName:elder_dramillion}"
            }
          ]
        },
        {
          "type": "item",
          "weight": 1,
          "name": "isleofberk:nadder_egg",
          "functions": [
            {
              "function": "set_count",
              "count": 1
            },
            {
              "function": "set_nbt",
              "tag": "{VariantName:hurleqast}"
            }
          ]
        },
        {
          "type": "item",
          "weight": 1,
          "name": "isleofberk:nadder_egg",
          "functions": [
            {
              "function": "set_count",
              "count": 1
            },
            {
              "function": "set_nbt",
              "tag": "{VariantName:melanistic_dramillion}"
            }
          ]
        },
        {
          "type": "item",
          "weight": 1,
          "name": "isleofberk:nadder_egg",
          "functions": [
            {
              "function": "set_count",
              "count": 1
            },
            {
              "function": "set_nbt",
              "tag": "{VariantName:myrkva}"
            }
          ]
        },
        {
          "type": "item",
          "weight": 1,
          "name": "isleofberk:nadder_egg",
          "functions": [
            {
              "function": "set_count",
              "count": 1
            },
            {
              "function": "set_nbt",
              "tag": "{VariantName:nattvig}"
            }
          ]
        },
        {
          "type": "item",
          "weight": 1,
          "name": "isleofberk:nadder_egg",
          "functions": [
            {
              "function": "set_count",
              "count": 1
            },
            {
              "function": "set_nbt",
              "tag": "{VariantName:ormsliki}"
            }
          ]
        }
      ]
    }
  ]
}
