{
  "type": "generic",
  "pools": [
    {
      "rolls": 1,
      "entries": [
        {
          "type": "item",
          "weight": 1,
          "name": "isleofberk:light_fury_egg",
          "functions": [
            {
              "function": "set_count",
              "count": 1
            },
            {
              "function": "set_nbt",
              "tag": "{VariantName:flightmare}"
            }
          ]
        },
        {
          "type": "item",
          "weight": 1,
          "name": "isleofberk:light_fury_egg",
          "functions": [
            {
              "function": "set_count",
              "count": 1
            },
            {
              "function": "set_nbt",
              "tag": "{VariantName:albino_aura}"
            }
          ]
        },
        {
          "type": "item",
          "weight": 1,
          "name": "isleofberk:light_fury_egg",
          "functions": [
            {
              "function": "set_count",
              "count": 1
            },
            {
              "function": "set_nbt",
              "tag": "{VariantName:brimstone}"
            }
          ]
        },
        {
          "type": "item",
          "weight": 1,
          "name": "isleofberk:light_fury_egg",
          "functions": [
            {
              "function": "set_count",
              "count": 1
            },
            {
              "function": "set_nbt",
              "tag": "{VariantName:ecto}"
            }
          ]
        },
        {
          "type": "item",
          "weight": 1,
          "name": "isleofberk:light_fury_egg",
          "functions": [
            {
              "function": "set_count",
              "count": 1
            },
            {
              "function": "set_nbt",
              "tag": "{VariantName:flaredawn}"
            }
          ]
        },
        {
          "type": "item",
          "weight": 1,
          "name": "isleofberk:light_fury_egg",
          "functions": [
            {
              "function": "set_count",
              "count": 1
            },
            {
              "function": "set_nbt",
              "tag": "{VariantName:jewel}"
            }
          ]
        },
        {
          "type": "item",
          "weight": 1,
          "name": "isleofberk:light_fury_egg",
          "functions": [
            {
              "function": "set_count",
              "count": 1
            },
            {
              "function": "set_nbt",
              "tag": "{VariantName:melanistic_flightmare}"
            }
          ]
        },
        {
          "type": "item",
          "weight": 1,
          "name": "isleofberk:light_fury_egg",
          "functions": [
            {
              "function": "set_count",
              "count": 1
            },
            {
              "function": "set_nbt",
              "tag": "{VariantName:shockwave}"
            }
          ]
        },
        {
          "type": "item",
          "weight": 1,
          "name": "isleofberk:light_fury_egg",
          "functions": [
            {
              "function": "set_count",
              "count": 1
            },
            {
              "function": "set_nbt",
              "tag": "{VariantName:summershine}"
            }
          ]
        },
        {
          "type": "item",
          "weight": 1,
          "name": "isleofberk:light_fury_egg",
          "functions": [
            {
              "function": "set_count",
              "count": 1
            },
            {
              "function": "set_nbt",
              "tag": "{VariantName:trancemare}"
            }
          ]
        }
      ]
    }
  ]
}
