{
  "type": "generic",
  "pools": [
    {
      "rolls": 1,
      "entries": [
        {
          "type": "item",
          "weight": 1,
          "name": "isleofberk:gronckle_egg",
          "functions": [
            {
              "function": "set_count",
              "count": 1
            },
            {
              "function": "set_nbt",
              "tag": "{VariantName:hotburple}"
            }
          ]
        },
        {
          "type": "item",
          "weight": 1,
          "name": "isleofberk:gronckle_egg",
          "functions": [
            {
              "function": "set_count",
              "count": 1
            },
            {
              "function": "set_nbt",
              "tag": "{VariantName:albino_hotburple}"
            }
          ]
        },
        {
          "type": "item",
          "weight": 1,
          "name": "isleofberk:gronckle_egg",
          "functions": [
            {
              "function": "set_count",
              "count": 1
            },
            {
              "function": "set_nbt",
              "tag": "{VariantName:beachcomber}"
            }
          ]
        },
        {
          "type": "item",
          "weight": 1,
          "name": "isleofberk:gronckle_egg",
          "functions": [
            {
              "function": "set_count",
              "count": 1
            },
            {
              "function": "set_nbt",
              "tag": "{VariantName:blistering_belcher}"
            }
          ]
        },
        {
          "type": "item",
          "weight": 1,
          "name": "isleofberk:gronckle_egg",
          "functions": [
            {
              "function": "set_count",
              "count": 1
            },
            {
              "function": "set_nbt",
              "tag": "{VariantName:bushwacker}"
            }
          ]
        },
        {
          "type": "item",
          "weight": 1,
          "name": "isleofberk:gronckle_egg",
          "functions": [
            {
              "function": "set_count",
              "count": 1
            },
            {
              "function": "set_nbt",
              "tag": "{VariantName:grump}"
            }
          ]
        },
        {
          "type": "item",
          "weight": 1,
          "name": "isleofberk:gronckle_egg",
          "functions": [
            {
              "function": "set_count",
              "count": 1
            },
            {
              "function": "set_nbt",
              "tag": "{VariantName:melanistic_hotburple}"
            }
          ]
        },
        {
          "type": "item",
          "weight": 1,
          "name": "isleofberk:gronckle_egg",
          "functions": [
            {
              "function": "set_count",
              "count": 1
            },
            {
              "function": "set_nbt",
              "tag": "{VariantName:ogre}"
            }
          ]
        },
        {
          "type": "item",
          "weight": 1,
          "name": "isleofberk:gronckle_egg",
          "functions": [
            {
              "function": "set_count",
              "count": 1
            },
            {
              "function": "set_nbt",
              "tag": "{VariantName:tomato}"
            }
          ]
        },
        {
          "type": "item",
          "weight": 1,
          "name": "isleofberk:gronckle_egg",
          "functions": [
            {
              "function": "set_count",
              "count": 1
            },
            {
              "function": "set_nbt",
              "tag": "{VariantName:varmtrykke}"
            }
          ]
        }
      ]
    }
  ]
}
