{
  "type": "generic",
  "pools": [
    {
      "rolls": 1,
      "entries": [
        {
          "type": "item",
          "weight": 1,
          "name": "isleofberk:nadder_egg",
          "functions": [
            {
              "function": "set_count",
              "count": 1
            },
            {
              "function": "set_nbt",
              "tag": "{VariantName:hushboggle}"
            }
          ]
        },
        {
          "type": "item",
          "weight": 1,
          "name": "isleofberk:nadder_egg",
          "functions": [
            {
              "function": "set_count",
              "count": 1
            },
            {
              "function": "set_nbt",
              "tag": "{VariantName:blazeboggle}"
            }
          ]
        },
        {
          "type": "item",
          "weight": 1,
          "name": "isleofberk:nadder_egg",
          "functions": [
            {
              "function": "set_count",
              "count": 1
            },
            {
              "function": "set_nbt",
              "tag": "{VariantName:dangerous_hushboggle}"
            }
          ]
        },
        {
          "type": "item",
          "weight": 1,
          "name": "isleofberk:nadder_egg",
          "functions": [
            {
              "function": "set_count",
              "count": 1
            },
            {
              "function": "set_nbt",
              "tag": "{VariantName:foe_hammer}"
            }
          ]
        },
        {
          "type": "item",
          "weight": 1,
          "name": "isleofberk:nadder_egg",
          "functions": [
            {
              "function": "set_count",
              "count": 1
            },
            {
              "function": "set_nbt",
              "tag": "{VariantName:gorge_hushboggle}"
            }
          ]
        },
        {
          "type": "item",
          "weight": 1,
          "name": "isleofberk:nadder_egg",
          "functions": [
            {
              "function": "set_count",
              "count": 1
            },
            {
              "function": "set_nbt",
              "tag": "{VariantName:hush_albino}"
            }
          ]
        },
        {
          "type": "item",
          "weight": 1,
          "name": "isleofberk:nadder_egg",
          "functions": [
            {
              "function": "set_count",
              "count": 1
            },
            {
              "function": "set_nbt",
              "tag": "{VariantName:hush_melanistic}"
            }
          ]
        },
        {
          "type": "item",
          "weight": 1,
          "name": "isleofberk:nadder_egg",
          "functions": [
            {
              "function": "set_count",
              "count": 1
            },
            {
              "function": "set_nbt",
              "tag": "{VariantName:mythic_murmurquill}"
            }
          ]
        },
        {
          "type": "item",
          "weight": 1,
          "name": "isleofberk:nadder_egg",
          "functions": [
            {
              "function": "set_count",
              "count": 1
            },
            {
              "function": "set_nbt",
              "tag": "{VariantName:night_hushboggle}"
            }
          ]
        },
        {
          "type": "item",
          "weight": 1,
          "name": "isleofberk:nadder_egg",
          "functions": [
            {
              "function": "set_count",
              "count": 1
            },
            {
              "function": "set_nbt",
              "tag": "{VariantName:roseboggle}"
            }
          ]
        }
      ]
    }
  ]
}
