{
  "type": "generic",
  "pools": [
    {
      "rolls": 1,
      "entries": [
        {
          "type": "item",
          "weight": 1,
          "name": "isleofberk:gronckle_egg",
          "functions": [
            {
              "function": "set_count",
              "count": 1
            },
            {
              "function": "set_nbt",
              "tag": "{VariantName:magma_breather}"
            }
          ]
        },
        {
          "type": "item",
          "weight": 1,
          "name": "isleofberk:gronckle_egg",
          "functions": [
            {
              "function": "set_count",
              "count": 1
            },
            {
              "function": "set_nbt",
              "tag": "{VariantName:albino_magma}"
            }
          ]
        },
        {
          "type": "item",
          "weight": 1,
          "name": "isleofberk:gronckle_egg",
          "functions": [
            {
              "function": "set_count",
              "count": 1
            },
            {
              "function": "set_nbt",
              "tag": "{VariantName:butterball}"
            }
          ]
        },
        {
          "type": "item",
          "weight": 1,
          "name": "isleofberk:gronckle_egg",
          "functions": [
            {
              "function": "set_count",
              "count": 1
            },
            {
              "function": "set_nbt",
              "tag": "{VariantName:melanistic_magma}"
            }
          ]
        },
        {
          "type": "item",
          "weight": 1,
          "name": "isleofberk:gronckle_egg",
          "functions": [
            {
              "function": "set_count",
              "count": 1
            },
            {
              "function": "set_nbt",
              "tag": "{VariantName:peppa}"
            }
          ]
        },
        {
          "type": "item",
          "weight": 1,
          "name": "isleofberk:gronckle_egg",
          "functions": [
            {
              "function": "set_count",
              "count": 1
            },
            {
              "function": "set_nbt",
              "tag": "{VariantName:red}"
            }
          ]
        },
        {
          "type": "item",
          "weight": 1,
          "name": "isleofberk:gronckle_egg",
          "functions": [
            {
              "function": "set_count",
              "count": 1
            },
            {
              "function": "set_nbt",
              "tag": "{VariantName:toxic_breather}"
            }
          ]
        },
        {
          "type": "item",
          "weight": 1,
          "name": "isleofberk:gronckle_egg",
          "functions": [
            {
              "function": "set_count",
              "count": 1
            },
            {
              "function": "set_nbt",
              "tag": "{VariantName:truffle}"
            }
          ]
        },
        {
          "type": "item",
          "weight": 1,
          "name": "isleofberk:gronckle_egg",
          "functions": [
            {
              "function": "set_count",
              "count": 1
            },
            {
              "function": "set_nbt",
              "tag": "{VariantName:whale}"
            }
          ]
        },
        {
          "type": "item",
          "weight": 1,
          "name": "isleofberk:gronckle_egg",
          "functions": [
            {
              "function": "set_count",
              "count": 1
            },
            {
              "function": "set_nbt",
              "tag": "{VariantName:zogler}"
            }
          ]
        }
      ]
    }
  ]
}
