{
  "type": "generic",
  "pools": [
    {
      "rolls": 1,
      "entries": [
        {
          "type": "item",
          "weight": 1,
          "name": "isleofberk:gronckle_egg",
          "functions": [
            {
              "function": "set_count",
              "count": 1
            },
            {
              "function": "set_nbt",
              "tag": "{VariantName:albino_rumble}"
            }
          ]
        },
        {
          "type": "item",
          "weight": 1,
          "name": "isleofberk:gronckle_egg",
          "functions": [
            {
              "function": "set_count",
              "count": 1
            },
            {
              "function": "set_nbt",
              "tag": "{VariantName:bismuth}"
            }
          ]
        },
        {
          "type": "item",
          "weight": 1,
          "name": "isleofberk:gronckle_egg",
          "functions": [
            {
              "function": "set_count",
              "count": 1
            },
            {
              "function": "set_nbt",
              "tag": "{VariantName:bumble_rumble}"
            }
          ]
        },
        {
          "type": "item",
          "weight": 1,
          "name": "isleofberk:gronckle_egg",
          "functions": [
            {
              "function": "set_count",
              "count": 1
            },
            {
              "function": "set_nbt",
              "tag": "{VariantName:melanistic_rumble}"
            }
          ]
        },
        {
          "type": "item",
          "weight": 1,
          "name": "isleofberk:gronckle_egg",
          "functions": [
            {
              "function": "set_count",
              "count": 1
            },
            {
              "function": "set_nbt",
              "tag": "{VariantName:painted}"
            }
          ]
        },
        {
          "type": "item",
          "weight": 1,
          "name": "isleofberk:gronckle_egg",
          "functions": [
            {
              "function": "set_count",
              "count": 1
            },
            {
              "function": "set_nbt",
              "tag": "{VariantName:purplehorn}"
            }
          ]
        },
        {
          "type": "item",
          "weight": 1,
          "name": "isleofberk:gronckle_egg",
          "functions": [
            {
              "function": "set_count",
              "count": 1
            },
            {
              "function": "set_nbt",
              "tag": "{VariantName:rhino}"
            }
          ]
        },
        {
          "type": "item",
          "weight": 1,
          "name": "isleofberk:gronckle_egg",
          "functions": [
            {
              "function": "set_count",
              "count": 1
            },
            {
              "function": "set_nbt",
              "tag": "{VariantName:skullcrusher}"
            }
          ]
        },
        {
          "type": "item",
          "weight": 1,
          "name": "isleofberk:gronckle_egg",
          "functions": [
            {
              "function": "set_count",
              "count": 1
            },
            {
              "function": "set_nbt",
              "tag": "{VariantName:thor}"
            }
          ]
        },
        {
          "type": "item",
          "weight": 1,
          "name": "isleofberk:gronckle_egg",
          "functions": [
            {
              "function": "set_count",
              "count": 1
            },
            {
              "function": "set_nbt",
              "tag": "{VariantName:snowcap}"
            }
          ]
        }
      ]
    }
  ]
}
