{
  "type": "generic",
  "pools": [
    {
      "rolls": 1,
      "entries": [
        {
          "type": "item",
          "weight": 1,
          "name": "isleofberk:light_fury_egg",
          "functions": [
            {
              "function": "set_count",
              "count": 1
            },
            {
              "function": "set_nbt",
              "tag": "{VariantName:sandwraith}"
            }
          ]
        },
        {
          "type": "item",
          "weight": 1,
          "name": "isleofberk:light_fury_egg",
          "functions": [
            {
              "function": "set_count",
              "count": 1
            },
            {
              "function": "set_nbt",
              "tag": "{VariantName:albinosw}"
            }
          ]
        },
        {
          "type": "item",
          "weight": 1,
          "name": "isleofberk:light_fury_egg",
          "functions": [
            {
              "function": "set_count",
              "count": 1
            },
            {
              "function": "set_nbt",
              "tag": "{VariantName:amber}"
            }
          ]
        },
        {
          "type": "item",
          "weight": 1,
          "name": "isleofberk:light_fury_egg",
          "functions": [
            {
              "function": "set_count",
              "count": 1
            },
            {
              "function": "set_nbt",
              "tag": "{VariantName:cynder}"
            }
          ]
        },
        {
          "type": "item",
          "weight": 1,
          "name": "isleofberk:light_fury_egg",
          "functions": [
            {
              "function": "set_count",
              "count": 1
            },
            {
              "function": "set_nbt",
              "tag": "{VariantName:dune}"
            }
          ]
        },
        {
          "type": "item",
          "weight": 1,
          "name": "isleofberk:light_fury_egg",
          "functions": [
            {
              "function": "set_count",
              "count": 1
            },
            {
              "function": "set_nbt",
              "tag": "{VariantName:haili}"
            }
          ]
        },
        {
          "type": "item",
          "weight": 1,
          "name": "isleofberk:light_fury_egg",
          "functions": [
            {
              "function": "set_count",
              "count": 1
            },
            {
              "function": "set_nbt",
              "tag": "{VariantName:melanistic_sw}"
            }
          ]
        },
        {
          "type": "item",
          "weight": 1,
          "name": "isleofberk:light_fury_egg",
          "functions": [
            {
              "function": "set_count",
              "count": 1
            },
            {
              "function": "set_nbt",
              "tag": "{VariantName:mudwraith}"
            }
          ]
        },
        {
          "type": "item",
          "weight": 1,
          "name": "isleofberk:light_fury_egg",
          "functions": [
            {
              "function": "set_count",
              "count": 1
            },
            {
              "function": "set_nbt",
              "tag": "{VariantName:pie}"
            }
          ]
        },
        {
          "type": "item",
          "weight": 1,
          "name": "isleofberk:light_fury_egg",
          "functions": [
            {
              "function": "set_count",
              "count": 1
            },
            {
              "function": "set_nbt",
              "tag": "{VariantName:seafoam}"
            }
          ]
        }
      ]
    }
  ]
}
