{
    "type": "generic",
    "pools": [
      {
        "rolls": 1,
        "entries": [
          {
            "type": "loot_table",
            "weight": 1,
            "name": "additions:alpha_speed_stryke",
            "functions": [
              {
                "function": "set_count",
                "count": 1
              }
            ]
          },
          {
            "type": "loot_table",
            "weight": 1,
            "name": "additions:deathly_galeslash",
            "functions": [
              {
                "function": "set_count",
                "count": 1
              }
            ]
          },
          {
            "type": "loot_table",
            "weight": 1,
            "name": "additions:razorwhip",
            "functions": [
              {
                "function": "set_count",
                "count": 1
              }
            ]
          },
          {
            "type": "loot_table",
            "weight": 1,
            "name": "additions:scuttleclaw",
            "functions": [
              {
                "function": "set_count",
                "count": 1
              }
            ]
          },
          {
            "type": "loot_table",
            "weight": 1,
            "name": "additions:speed_stinger",
            "functions": [
              {
                "function": "set_count",
                "count": 1
              }
            ]
          },
          {
            "type": "loot_table",
            "weight": 1,
            "name": "additions:speed_stryke",
            "functions": [
              {
                "function": "set_count",
                "count": 1
              }
            ]
          },
          {
            "type": "loot_table",
            "weight": 1,
            "name": "additions:stormcutter",
            "functions": [
              {
                "function": "set_count",
                "count": 1
              }
            ]
          },
          {
            "type": "loot_table",
            "weight": 1,
            "name": "additions:stinger",
            "functions": [
              {
                "function": "set_count",
                "count": 1
              }
            ]
          }
        ]
      }
    ]
  }