{
  "type": "generic",
  "pools": [
    {
      "rolls": 1,
      "entries": [
        {
          "type": "item",
          "weight": 1,
          "name": "isleofberk:night_fury_egg",
          "functions": [
            {
              "function": "set_count",
              "count": 1
            },
            {
              "function": "set_nbt",
              "tag": "{VariantName:rob_phantom}"
            }
          ]
        },
        {
          "type": "item",
          "weight": 1,
          "name": "isleofberk:night_fury_egg",
          "functions": [
            {
              "function": "set_count",
              "count": 1
            },
            {
              "function": "set_nbt",
              "tag": "{VariantName:albino_phantom}"
            }
          ]
        },
        {
          "type": "item",
          "weight": 1,
          "name": "isleofberk:night_fury_egg",
          "functions": [
            {
              "function": "set_count",
              "count": 1
            },
            {
              "function": "set_nbt",
              "tag": "{VariantName:blood_phantom}"
            }
          ]
        },
        {
          "type": "item",
          "weight": 1,
          "name": "isleofberk:night_fury_egg",
          "functions": [
            {
              "function": "set_count",
              "count": 1
            },
            {
              "function": "set_nbt",
              "tag": "{VariantName:forest_phantom}"
            }
          ]
        },
        {
          "type": "item",
          "weight": 1,
          "name": "isleofberk:night_fury_egg",
          "functions": [
            {
              "function": "set_count",
              "count": 1
            },
            {
              "function": "set_nbt",
              "tag": "{VariantName:melanistic_phantom}"
            }
          ]
        },
        {
          "type": "item",
          "weight": 1,
          "name": "isleofberk:night_fury_egg",
          "functions": [
            {
              "function": "set_count",
              "count": 1
            },
            {
              "function": "set_nbt",
              "tag": "{VariantName:night_phantom}"
            }
          ]
        },
        {
          "type": "item",
          "weight": 1,
          "name": "isleofberk:night_fury_egg",
          "functions": [
            {
              "function": "set_count",
              "count": 1
            },
            {
              "function": "set_nbt",
              "tag": "{VariantName:pearlescent_poltergeist}"
            }
          ]
        },
        {
          "type": "item",
          "weight": 1,
          "name": "isleofberk:night_fury_egg",
          "functions": [
            {
              "function": "set_count",
              "count": 1
            },
            {
              "function": "set_nbt",
              "tag": "{VariantName:platinum_phantom}"
            }
          ]
        },
        {
          "type": "item",
          "weight": 1,
          "name": "isleofberk:night_fury_egg",
          "functions": [
            {
              "function": "set_count",
              "count": 1
            },
            {
              "function": "set_nbt",
              "tag": "{VariantName:starshard}"
            }
          ]
        },
        {
          "type": "item",
          "weight": 1,
          "name": "isleofberk:night_fury_egg",
          "functions": [
            {
              "function": "set_count",
              "count": 1
            },
            {
              "function": "set_nbt",
              "tag": "{VariantName:wave_phantom}"
            }
          ]
        }
      ]
    }
  ]
}
