{
  "type": "generic",
  "pools": [
    {
      "rolls": 1,
      "entries": [
        {
          "type": "item",
          "weight": 1,
          "name": "isleofberk:triple_stryke_egg",
          "functions": [
            {
              "function": "set_count",
              "count": 1
            },
            {
              "function": "set_nbt",
              "tag": "{VariantName:singe_stryke}"
            }
          ]
        },
        {
          "type": "item",
          "weight": 1,
          "name": "isleofberk:triple_stryke_egg",
          "functions": [
            {
              "function": "set_count",
              "count": 1
            },
            {
              "function": "set_nbt",
              "tag": "{VariantName:albino_singe_stryke}"
            }
          ]
        },
        {
          "type": "item",
          "weight": 1,
          "name": "isleofberk:triple_stryke_egg",
          "functions": [
            {
              "function": "set_count",
              "count": 1
            },
            {
              "function": "set_nbt",
              "tag": "{VariantName:melanistic_singe_stryke}"
            }
          ]
        },
        {
          "type": "item",
          "weight": 1,
          "name": "isleofberk:triple_stryke_egg",
          "functions": [
            {
              "function": "set_count",
              "count": 1
            },
            {
              "function": "set_nbt",
              "tag": "{VariantName:chorus_stryke}"
            }
          ]
        },
        {
          "type": "item",
          "weight": 1,
          "name": "isleofberk:triple_stryke_egg",
          "functions": [
            {
              "function": "set_count",
              "count": 1
            },
            {
              "function": "set_nbt",
              "tag": "{VariantName:crimson_stryke}"
            }
          ]
        },
        {
          "type": "item",
          "weight": 1,
          "name": "isleofberk:triple_stryke_egg",
          "functions": [
            {
              "function": "set_count",
              "count": 1
            },
            {
              "function": "set_nbt",
              "tag": "{VariantName:earth_stryke}"
            }
          ]
        },
        {
          "type": "item",
          "weight": 1,
          "name": "isleofberk:triple_stryke_egg",
          "functions": [
            {
              "function": "set_count",
              "count": 1
            },
            {
              "function": "set_nbt",
              "tag": "{VariantName:floral_stryke}"
            }
          ]
        },
        {
          "type": "item",
          "weight": 1,
          "name": "isleofberk:triple_stryke_egg",
          "functions": [
            {
              "function": "set_count",
              "count": 1
            },
            {
              "function": "set_nbt",
              "tag": "{VariantName:forest_stryke}"
            }
          ]
        },
        {
          "type": "item",
          "weight": 1,
          "name": "isleofberk:triple_stryke_egg",
          "functions": [
            {
              "function": "set_count",
              "count": 1
            },
            {
              "function": "set_nbt",
              "tag": "{VariantName:ice_stryke}"
            }
          ]
        },
        {
          "type": "item",
          "weight": 1,
          "name": "isleofberk:triple_stryke_egg",
          "functions": [
            {
              "function": "set_count",
              "count": 1
            },
            {
              "function": "set_nbt",
              "tag": "{VariantName:spectre_stryke}"
            }
          ]
        }
      ]
    }
  ]
}
