{
  "type": "generic",
  "pools": [
    {
      "rolls": 1,
      "entries": [
        {
          "type": "item",
          "weight": 1,
          "name": "isleofberk:skrill_egg",
          "functions": [
            {
              "function": "set_count",
              "count": 1
            },
            {
              "function": "set_nbt",
              "tag": "{VariantName:skrillknapper}"
            }
          ]
        },
        {
          "type": "item",
          "weight": 1,
          "name": "isleofberk:skrill_egg",
          "functions": [
            {
              "function": "set_count",
              "count": 1
            },
            {
              "function": "set_nbt",
              "tag": "{VariantName:albino_skrillknapper}"
            }
          ]
        },
        {
          "type": "item",
          "weight": 1,
          "name": "isleofberk:skrill_egg",
          "functions": [
            {
              "function": "set_count",
              "count": 1
            },
            {
              "function": "set_nbt",
              "tag": "{VariantName:bubblebone}"
            }
          ]
        },
        {
          "type": "item",
          "weight": 1,
          "name": "isleofberk:skrill_egg",
          "functions": [
            {
              "function": "set_count",
              "count": 1
            },
            {
              "function": "set_nbt",
              "tag": "{VariantName:fafnir}"
            }
          ]
        },
        {
          "type": "item",
          "weight": 1,
          "name": "isleofberk:skrill_egg",
          "functions": [
            {
              "function": "set_count",
              "count": 1
            },
            {
              "function": "set_nbt",
              "tag": "{VariantName:ghidorah}"
            }
          ]
        },
        {
          "type": "item",
          "weight": 1,
          "name": "isleofberk:skrill_egg",
          "functions": [
            {
              "function": "set_count",
              "count": 1
            },
            {
              "function": "set_nbt",
              "tag": "{VariantName:hellbone}"
            }
          ]
        },
        {
          "type": "item",
          "weight": 1,
          "name": "isleofberk:skrill_egg",
          "functions": [
            {
              "function": "set_count",
              "count": 1
            },
            {
              "function": "set_nbt",
              "tag": "{VariantName:melanistic_skrillknapper}"
            }
          ]
        },
        {
          "type": "item",
          "weight": 1,
          "name": "isleofberk:skrill_egg",
          "functions": [
            {
              "function": "set_count",
              "count": 1
            },
            {
              "function": "set_nbt",
              "tag": "{VariantName:pinebone}"
            }
          ]
        },
        {
          "type": "item",
          "weight": 1,
          "name": "isleofberk:skrill_egg",
          "functions": [
            {
              "function": "set_count",
              "count": 1
            },
            {
              "function": "set_nbt",
              "tag": "{VariantName:prismatic}"
            }
          ]
        },
        {
          "type": "item",
          "weight": 1,
          "name": "isleofberk:skrill_egg",
          "functions": [
            {
              "function": "set_count",
              "count": 1
            },
            {
              "function": "set_nbt",
              "tag": "{VariantName:soulknapper}"
            }
          ]
        }
      ]
    }
  ]
}
