{
  "type": "generic",
  "pools": [
    {
      "rolls": 1,
      "entries": [
        {
          "type": "item",
          "weight": 1,
          "name": "isleofberk:zippleback_egg",
          "functions": [
            {
              "function": "set_count",
              "count": 1
            },
            {
              "function": "set_nbt",
              "tag": "{VariantName:snaptrapper}"
            }
          ]
        },
        {
          "type": "item",
          "weight": 1,
          "name": "isleofberk:zippleback_egg",
          "functions": [
            {
              "function": "set_count",
              "count": 1
            },
            {
              "function": "set_nbt",
              "tag": "{VariantName:albino_snaptrapper}"
            }
          ]
        },
        {
          "type": "item",
          "weight": 1,
          "name": "isleofberk:zippleback_egg",
          "functions": [
            {
              "function": "set_count",
              "count": 1
            },
            {
              "function": "set_nbt",
              "tag": "{VariantName:cocotrapper}"
            }
          ]
        },
        {
          "type": "item",
          "weight": 1,
          "name": "isleofberk:zippleback_egg",
          "functions": [
            {
              "function": "set_count",
              "count": 1
            },
            {
              "function": "set_nbt",
              "tag": "{VariantName:kalanchoe}"
            }
          ]
        },
        {
          "type": "item",
          "weight": 1,
          "name": "isleofberk:zippleback_egg",
          "functions": [
            {
              "function": "set_count",
              "count": 1
            },
            {
              "function": "set_nbt",
              "tag": "{VariantName:maple}"
            }
          ]
        },
        {
          "type": "item",
          "weight": 1,
          "name": "isleofberk:zippleback_egg",
          "functions": [
            {
              "function": "set_count",
              "count": 1
            },
            {
              "function": "set_nbt",
              "tag": "{VariantName:melanistic_snaptrapper}"
            }
          ]
        },
        {
          "type": "item",
          "weight": 1,
          "name": "isleofberk:zippleback_egg",
          "functions": [
            {
              "function": "set_count",
              "count": 1
            },
            {
              "function": "set_nbt",
              "tag": "{VariantName:bod_snaptrapper}"
            }
          ]
        },
        {
          "type": "item",
          "weight": 1,
          "name": "isleofberk:zippleback_egg",
          "functions": [
            {
              "function": "set_count",
              "count": 1
            },
            {
              "function": "set_nbt",
              "tag": "{VariantName:orchids}"
            }
          ]
        },
        {
          "type": "item",
          "weight": 1,
          "name": "isleofberk:zippleback_egg",
          "functions": [
            {
              "function": "set_count",
              "count": 1
            },
            {
              "function": "set_nbt",
              "tag": "{VariantName:palm}"
            }
          ]
        },
        {
          "type": "item",
          "weight": 1,
          "name": "isleofberk:zippleback_egg",
          "functions": [
            {
              "function": "set_count",
              "count": 1
            },
            {
              "function": "set_nbt",
              "tag": "{VariantName:out_snapper}"
            }
          ]
        }
      ]
    }
  ]
}
