{
  "type": "generic",
  "pools": [
    {
      "rolls": 1,
      "entries": [
        {
          "type": "item",
          "weight": 1,
          "name": "isleofberk:monstrous_nightmare_egg",
          "functions": [
            {
              "function": "set_count",
              "count": 1
            },
            {
              "function": "set_nbt",
              "tag": "{VariantName:cloudjumper}"
            }
          ]
        },
        {
          "type": "item",
          "weight": 1,
          "name": "isleofberk:monstrous_nightmare_egg",
          "functions": [
            {
              "function": "set_count",
              "count": 1
            },
            {
              "function": "set_nbt",
              "tag": "{VariantName:albino_stormcutter}"
            }
          ]
        },
        {
          "type": "item",
          "weight": 1,
          "name": "isleofberk:monstrous_nightmare_egg",
          "functions": [
            {
              "function": "set_count",
              "count": 1
            },
            {
              "function": "set_nbt",
              "tag": "{VariantName:cookiecutter}"
            }
          ]
        },
        {
          "type": "item",
          "weight": 1,
          "name": "isleofberk:monstrous_nightmare_egg",
          "functions": [
            {
              "function": "set_count",
              "count": 1
            },
            {
              "function": "set_nbt",
              "tag": "{VariantName:hopewing}"
            }
          ]
        },
        {
          "type": "item",
          "weight": 1,
          "name": "isleofberk:monstrous_nightmare_egg",
          "functions": [
            {
              "function": "set_count",
              "count": 1
            },
            {
              "function": "set_nbt",
              "tag": "{VariantName:melanistic_stormcutter}"
            }
          ]
        },
        {
          "type": "item",
          "weight": 1,
          "name": "isleofberk:monstrous_nightmare_egg",
          "functions": [
            {
              "function": "set_count",
              "count": 1
            },
            {
              "function": "set_nbt",
              "tag": "{VariantName:hurribane}"
            }
          ]
        },
        {
          "type": "item",
          "weight": 1,
          "name": "isleofberk:monstrous_nightmare_egg",
          "functions": [
            {
              "function": "set_count",
              "count": 1
            },
            {
              "function": "set_nbt",
              "tag": "{VariantName:owlhoot}"
            }
          ]
        },
        {
          "type": "item",
          "weight": 1,
          "name": "isleofberk:monstrous_nightmare_egg",
          "functions": [
            {
              "function": "set_count",
              "count": 1
            },
            {
              "function": "set_nbt",
              "tag": "{VariantName:warpstorm}"
            }
          ]
        },
        {
          "type": "item",
          "weight": 1,
          "name": "isleofberk:monstrous_nightmare_egg",
          "functions": [
            {
              "function": "set_count",
              "count": 1
            },
            {
              "function": "set_nbt",
              "tag": "{VariantName:snowy_owl}"
            }
          ]
        },
        {
          "type": "item",
          "weight": 1,
          "name": "isleofberk:monstrous_nightmare_egg",
          "functions": [
            {
              "function": "set_count",
              "count": 1
            },
            {
              "function": "set_nbt",
              "tag": "{VariantName:dimflight}"
            }
          ]
        }
      ]
    }
  ]
}
