{
    "type": "generic",
    "pools": [
      {
        "rolls": 1,
        "entries": [
          {
            "type": "loot_table",
            "weight": 1,
            "name": "additions:night_fury",
            "functions": [
              {
                "function": "set_count",
                "count": 1
              }
            ]
          },
          {
            "type": "loot_table",
            "weight": 1,
            "name": "additions:light_fury",
            "functions": [
              {
                "function": "set_count",
                "count": 1
              }
            ]
          },
          {
            "type": "loot_table",
            "weight": 1,
            "name": "additions:night_light",
            "functions": [
              {
                "function": "set_count",
                "count": 1
              }
            ]
          },
          {
            "type": "loot_table",
            "weight": 1,
            "name": "additions:light_night",
            "functions": [
              {
                "function": "set_count",
                "count": 1
              }
            ]
          },
          {
            "type": "loot_table",
            "weight": 1,
            "name": "additions:skrill",
            "functions": [
              {
                "function": "set_count",
                "count": 1
              }
            ]
          },
          {
            "type": "loot_table",
            "weight": 1,
            "name": "additions:triple_stryke",
            "functions": [
              {
                "function": "set_count",
                "count": 1
              }
            ]
          },
          {
            "type": "loot_table",
            "weight": 1,
            "name": "additions:skrillknapper",
            "functions": [
              {
                "function": "set_count",
                "count": 1
              }
            ]
          },
          {
            "type": "loot_table",
            "weight": 1,
            "name": "additions:woolly_howl",
            "functions": [
              {
                "function": "set_count",
                "count": 1
              }
            ]
          },
          {
            "type": "loot_table",
            "weight": 1,
            "name": "additions:deathgripper",
            "functions": [
              {
                "function": "set_count",
                "count": 1
              }
            ]
          }
        ]
      }
    ]
  }