{
  "type": "generic",
  "pools": [
    {
      "rolls": 1,
      "entries": [
        {
          "type": "item",
          "weight": 1,
          "name": "isleofberk:night_fury_egg",
          "functions": [
            {
              "function": "set_count",
              "count": 1
            },
            {
              "function": "set_nbt",
              "tag": "{VariantName:woolly_howl}"
            }
          ]
        },
        {
          "type": "item",
          "weight": 1,
          "name": "isleofberk:night_fury_egg",
          "functions": [
            {
              "function": "set_count",
              "count": 1
            },
            {
              "function": "set_nbt",
              "tag": "{VariantName:albino_howl}"
            }
          ]
        },
        {
          "type": "item",
          "weight": 1,
          "name": "isleofberk:night_fury_egg",
          "functions": [
            {
              "function": "set_count",
              "count": 1
            },
            {
              "function": "set_nbt",
              "tag": "{VariantName:blueberry}"
            }
          ]
        },
        {
          "type": "item",
          "weight": 1,
          "name": "isleofberk:night_fury_egg",
          "functions": [
            {
              "function": "set_count",
              "count": 1
            },
            {
              "function": "set_nbt",
              "tag": "{VariantName:frostfire}"
            }
          ]
        },
        {
          "type": "item",
          "weight": 1,
          "name": "isleofberk:night_fury_egg",
          "functions": [
            {
              "function": "set_count",
              "count": 1
            },
            {
              "function": "set_nbt",
              "tag": "{VariantName:fuzzbucket}"
            }
          ]
        },
        {
          "type": "item",
          "weight": 1,
          "name": "isleofberk:night_fury_egg",
          "functions": [
            {
              "function": "set_count",
              "count": 1
            },
            {
              "function": "set_nbt",
              "tag": "{VariantName:grape}"
            }
          ]
        },
        {
          "type": "item",
          "weight": 1,
          "name": "isleofberk:night_fury_egg",
          "functions": [
            {
              "function": "set_count",
              "count": 1
            },
            {
              "function": "set_nbt",
              "tag": "{VariantName:melanistic_howl}"
            }
          ]
        },
        {
          "type": "item",
          "weight": 1,
          "name": "isleofberk:night_fury_egg",
          "functions": [
            {
              "function": "set_count",
              "count": 1
            },
            {
              "function": "set_nbt",
              "tag": "{VariantName:mystic_wing}"
            }
          ]
        },
        {
          "type": "item",
          "weight": 1,
          "name": "isleofberk:night_fury_egg",
          "functions": [
            {
              "function": "set_count",
              "count": 1
            },
            {
              "function": "set_nbt",
              "tag": "{VariantName:polaris}"
            }
          ]
        },
        {
          "type": "item",
          "weight": 1,
          "name": "isleofberk:night_fury_egg",
          "functions": [
            {
              "function": "set_count",
              "count": 1
            },
            {
              "function": "set_nbt",
              "tag": "{VariantName:woodwind}"
            }
          ]
        }
      ]
    }
  ]
}
