{
  "display": {
    "icon": {
      "item": "minecraft:iron_nugget",
      "nbt": "{CustomModelData:201024}"
    },
    "title": {
      "translate": "Alpha Speed Stryke"
    },
    "description": {
      "translate": "Alpha Speed Stryke"
    },
    "frame": "challenge",
    "show_toast": true,
    "announce_to_chat": true
  },
  "parent": "isleofberk:speed_stryke",
  "criteria": {
    "alpha_speed_stryke": {
      "trigger": "minecraft:tame_animal",
      "conditions": {
        "entity": {
          "nbt": "{Tags:[\"alpha_speed_stryke\"]}"
        }
      }
    }
  },
  "requirements":[
    [
      "alpha_speed_stryke"
    ]
  ],
  "rewards": {
    "experience": 250
  }
}