{
  "display": {
    "icon": {
      "item": "minecraft:flower_banner_pattern"
    },
    "title": {
      "translate": "advancement.boulder.title"
    },
    "description": {
      "translate": "advancement.boulder.desc"
    },
    "frame": "challenge",
    "show_toast": true,
    "announce_to_chat": true
  },
  "parent": "isleofberk:isleofberk",
  "criteria": {
    "screaming_death": {
      "trigger": "minecraft:tame_animal",
      "conditions": {
        "entity": {
          "nbt": "{Tags:[\"screaming_death\"]}"
        }
      }
    },
    "sentinel": {
      "trigger": "minecraft:tame_animal",
      "conditions": {
        "entity": {
          "nbt": "{Tags:[\"sentinel\"]}"
        }
      }
    },
    "whispering_death": {
      "trigger": "minecraft:tame_animal",
      "conditions": {
        "entity": {
          "nbt": "{Tags:[\"whispering_death\"]}"
        }
      }
    },
    "graveknapper": {
      "trigger": "minecraft:tame_animal",
      "conditions": {
        "entity": {
          "nbt": "{Tags:[\"graveknapper\"]}"
        }
      }
    },
    "gronckle": {
      "trigger": "minecraft:tame_animal",
      "conditions": {
        "entity": {
          "nbt": "{Tags:[\"gronckle\"]}"
        }
      }
    },
    "hotburple": {
      "trigger": "minecraft:tame_animal",
      "conditions": {
        "entity": {
          "nbt": "{Tags:[\"hotburple\"]}"
        }
      }
    },
    "hushboggle": {
      "trigger": "minecraft:tame_animal",
      "conditions": {
        "entity": {
          "nbt": "{Tags:[\"hushboggle\"]}"
        }
      }
    }
  },
  "requirements":[
    [
      "screaming_death",
      "sentinel",
      "whispering_death",
      "graveknapper",
      "gronckle",
      "hotburple",
      "hushboggle"
    ]
  ],
  "rewards": {
    "experience": 100
  }
}