{
  "display": {
    "icon": {
      "item": "minecraft:iron_nugget",
      "nbt": "{CustomModelData:201007}"
    },
    "title": {
      "translate": "Deathly Galeslash"
    },
    "description": {
      "translate": "Deathly Galeslash"
    },
    "frame": "goal",
    "show_toast": true,
    "announce_to_chat": true
  },
  "parent": "isleofberk:sharp",
  "criteria": {
    "deathly_galeslash": {
      "trigger": "minecraft:tame_animal",
      "conditions": {
        "entity": {
          "nbt": "{Tags:[\"deathly_galeslash\"]}"
        }
      }
    }
  },
  "requirements":[
    [
      "deathly_galeslash"
    ]
  ],
  "rewards": {
    "experience": 250
  }
}