{
  "display": {
    "icon": {
      "item": "minecraft:iron_nugget",
      "nbt": "{CustomModelData:201008}"
    },
    "title": {
      "translate": "Graveknapper"
    },
    "description": {
      "translate": "Graveknapper"
    },
    "frame": "challenge",
    "show_toast": true,
    "announce_to_chat": true
  },
  "parent": "isleofberk:boulder",
  "criteria": {
    "graveknapper": {
      "trigger": "minecraft:tame_animal",
      "conditions": {
        "entity": {
          "nbt": "{Tags:[\"graveknapper\"]}"
        }
      }
    }
  },
  "requirements":[
    [
      "graveknapper"
    ]
  ],
  "rewards": {
    "experience": 250
  }
}