{
  "display": {
    "icon": {
      "item": "isleofberk:gronckle_spawn_egg"
    },
    "title": {
      "translate": "Armoured Boulder-Munchers"
    },
    "description": {
      "translate": "Shot limit: 6"
    },
    "frame": "goal",
    "show_toast": true,
    "announce_to_chat": true
  },
  "parent": "isleofberk:boulder",
  "criteria": {
    "gronckle": {
      "trigger": "minecraft:tame_animal",
      "conditions": {
        "entity": {
          "nbt": "{Tags:[\"gronckle\"]}"
        }
      }
    }
  },
  "requirements":[
    [
      "gronckle"
    ]
  ],
  "rewards": {
    "experience": 250
  }
}