{
  "display": {
    "icon": {
      "item": "isleofberk:lightfury_spawn_egg"
    },
    "title": {
      "translate": "advancement.light_fury.title"
    },
    "description": {
      "translate": "advancement.light_fury.desc"
    },
    "frame": "challenge",
    "show_toast": true,
    "announce_to_chat": true
  },
  "parent": "isleofberk:strike",
  "criteria": {
    "light_fury": {
      "trigger": "minecraft:tame_animal",
      "conditions": {
        "entity": {
          "nbt": "{Tags:[\"light_fury\"]}"
        }
      }
    }
  },
  "requirements":[
    [
      "light_fury"
    ]
  ],
  "rewards": {
    "experience": 250
  }
}