{
  "display": {
    "icon": {
      "item": "minecraft:iron_nugget",
      "nbt": "{CustomModelData:201011}"
    },
    "title": {
      "translate": "Magma Breather"
    },
    "description": {
      "translate": "Magma Breather"
    },
    "frame": "goal",
    "show_toast": true,
    "announce_to_chat": true
  },
  "parent": "isleofberk:stoker",
  "criteria": {
    "magma_breather": {
      "trigger": "minecraft:tame_animal",
      "conditions": {
        "entity": {
          "nbt": "{Tag:[\"magma_breather\"]}"
        }
      }
    }
  },
  "requirements":[
    [
      "magma_breather"
    ]
  ],
  "rewards": {
    "experience": 250
  }
}