{
  "display": {
    "icon": {
      "item": "isleofberk:monstrous_nightmare_spawn_egg"
    },
    "title": {
      "translate": "Monstrous Nightmare"
    },
    "description": {
      "translate": "Only the best vikings can take down one of these"
    },
    "frame": "goal",
    "show_toast": true,
    "announce_to_chat": true
  },
  "parent": "isleofberk:stoker",
  "criteria": {
    "monstrous_nightmare": {
      "trigger": "minecraft:tame_animal",
      "conditions": {
        "entity": {
          "nbt": "{Tags:[\"monstrous_nightmare\"]}"
        }
      }
    }
  },
  "requirements":[
    [
      "monstrous_nightmare"
    ]
  ],
  "rewards": {
    "experience": 250
  }
}