{
  "display": {
    "icon": {
      "item": "minecraft:piglin_banner_pattern"
    },
    "title": {
      "translate": "Mystery Collector"
    },
    "description": {
      "translate": "Mystery Collector"
    },
    "frame": "challenge",
    "show_toast": true,
    "hidden": true,
    "announce_to_chat": true
  },
  "parent": "isleofberk:mystery",
  "criteria": {
    "smothering_smokebreath": {
      "trigger": "minecraft:tame_animal",
      "conditions": {
        "entity": {
          "nbt": "{Tags:[\"smothering_smokebreath\"]}"
        }
      }
    },
    "snaptrapper": {
      "trigger": "minecraft:tame_animal",
      "conditions": {
        "entity": {
          "nbt": "{Tags:[\"snaptrapper\"]}"
        }
      }
    },
    "armorwing": {
      "trigger": "minecraft:tame_animal",
      "conditions": {
        "entity": {
          "nbt": "{Tags:[\"armorwing\"]}"
        }
      }
    },
    "boneknapper": {
      "trigger": "minecraft:tame_animal",
      "conditions": {
        "entity": {
          "nbt": "{Tags:[\"boneknapper\"]}"
        }
      }
    },
    "changewing": {
      "trigger": "minecraft:tame_animal",
      "conditions": {
        "entity": {
          "nbt": "{Tags:[\"changewing\"]}"
        }
      }
    },
    "dramillion": {
      "trigger": "minecraft:tame_animal",
      "conditions": {
        "entity": {
          "nbt": "{Tags:[\"dramillion\"]}"
        }
      }
    },
    "flightmare": {
      "trigger": "minecraft:tame_animal",
      "conditions": {
        "entity": {
          "nbt": "{Tags:[\"flightmare\"]}"
        }
      }
    },
    "zippleback": {
      "trigger": "minecraft:tame_animal",
      "conditions": {
        "entity": {
          "nbt": "{Tags:[\"zippleback\"]}"
        }
      }
    }
  },
  "requirements":[
    [
      "smothering_smokebreath"
    ],
    [
      "snaptrapper"
    ],
    [
      "armorwing"
    ],
    [
      "boneknapper"
    ],
    [
      "changewing"
    ],
    [
      "dramillion"
    ],
    [
      "flightmare"
    ],
    [
      "zippleback"
    ]
  ],
  "rewards": {
    "experience": 5000
  }
}