{
  "display": {
    "icon": {
      "item": "isleofberk:deadly_nadder_spawn_egg"
    },
    "title": {
      "translate": "Spiny Chicken-lovers"
    },
    "description": {
      "translate": "You'll need to be quicker, and lighter."
    },
    "frame": "goal",
    "show_toast": false,
    "announce_to_chat": false
  },
  "parent": "isleofberk:tracker",
  "criteria": {
    "deadly_nadder": {
      "trigger": "minecraft:tame_animal",
      "conditions": {
        "entity": {
          "nbt": "{Tags:[\"deadly_nadder\"]}"
        }
      }
    }
  },
  "requirements":[
    [
      "deadly_nadder"
    ]
  ],
  "rewards": {}
}