{
  "display": {
    "icon": {
      "item": "minecraft:iron_nugget",
      "nbt": "{CustomModelData:201013}"
    },
    "title": {
      "translate": "Rumblehorn"
    },
    "description": {
      "translate": "Rumblehorn"
    },
    "frame": "goal",
    "show_toast": true,
    "announce_to_chat": true
  },
  "parent": "isleofberk:tracker",
  "criteria": {
    "rumblehorn": {
      "trigger": "minecraft:tame_animal",
      "conditions": {
        "entity": {
          "nbt": "{Tag:[\"rumblehorn\"]}"
        }
      }
    }
  },
  "requirements":[
    [
      "rumblehorn"
    ]
  ],
  "rewards": {
    "experience": 250
  }
}