{
  "display": {
    "icon": {
      "item": "minecraft:iron_nugget",
      "nbt": "{CustomModelData:201014}"
    },
    "title": {
      "translate": "Sandwraith"
    },
    "description": {
      "translate": "Sandwraith"
    },
    "frame": "goal",
    "show_toast": true,
    "announce_to_chat": true
  },
  "parent": "isleofberk:tidal",
  "criteria": {
    "sandwraith": {
      "trigger": "minecraft:tame_animal",
      "conditions": {
        "entity": {
          "nbt": "{Tags:[\"sandwraith\"]}"
        }
      }
    }
  },
  "requirements":[
    [
      "sandwraith"
    ]
  ],
  "rewards": {
    "experience": 250
  }
}