{
  "display": {
    "icon": {
      "item": "minecraft:iron_nugget",
      "nbt": "{CustomModelData:201015}"
    },
    "title": {
      "translate": "Screaming Death"
    },
    "description": {
      "translate": "Screaming Death"
    },
    "frame": "challenge",
    "show_toast": true,
    "announce_to_chat": true
  },
  "parent": "isleofberk:whispering_death",
  "criteria": {
    "screaming_death": {
      "trigger": "minecraft:tame_animal",
      "conditions": {
        "entity": {
          "nbt": "{Tags:[\"screaming_death\"]}"
        }
      }
    }
  },
  "requirements":[
    [
      "screaming_death"
    ]
  ],
  "rewards": {
    "experience": 250
  }
}