{
  "display": {
    "icon": {
      "item": "minecraft:skull_banner_pattern"
    },
    "title": {
      "translate": "Sharp Collector"
    },
    "description": {
      "translate": "Sharp Collector"
    },
    "frame": "challenge",
    "show_toast": true,
    "hidden": true,
    "announce_to_chat": true
  },
  "parent": "isleofberk:sharp",
  "criteria": {
    "alpha_speed_stryke": {
      "trigger": "minecraft:tame_animal",
      "conditions": {
        "entity": {
          "nbt": "{Tags:[\"alpha_speed_stryke\"]}"
        }
      }
    },
    "speed_stryke": {
      "trigger": "minecraft:tame_animal",
      "conditions": {
        "entity": {
          "nbt": "{Tags:[\"speed_stryke\"]}"
        }
      }
    },
    "stormcutter": {
      "trigger": "minecraft:tame_animal",
      "conditions": {
        "entity": {
          "nbt": "{Tags:[\"stormcutter\"]}"
        }
      }
    },
    "deadly_nadder": {
      "trigger": "minecraft:tame_animal",
      "conditions": {
        "entity": {
          "nbt": "{Tags:[\"deadly_nadder\"]}"
        }
      }
    },
    "deathly_galeslash": {
      "trigger": "minecraft:tame_animal",
      "conditions": {
        "entity": {
          "nbt": "{Tags:[\"deathly_galeslash\"]}"
        }
      }
    },
    "razorwhip": {
      "trigger": "minecraft:tame_animal",
      "conditions": {
        "entity": {
          "nbt": "{Tags:[\"razorwhip\"]}"
        }
      }
    },
    "scuttleclaw": {
      "trigger": "minecraft:tame_animal",
      "conditions": {
        "entity": {
          "nbt": "{Tags:[\"scuttleclaw\"]}"
        }
      }
    },
    "speed_stinger": {
      "trigger": "minecraft:tame_animal",
      "conditions": {
        "entity": {
          "nbt": "{Tags:[\"speed_stinger\"]}"
        }
      }
    },
    "stinger": {
      "trigger": "minecraft:tame_animal",
      "conditions": {
        "entity": {
          "nbt": "{Tags:[\"stinger\"]}"
        }
      }
    }
  },
  "requirements":[
    [
      "alpha_speed_stryke"
    ],
    [
      "speed_stryke"
    ],
    [
      "stormcutter"
    ],
    [
      "deadly_nadder"
    ],
    [
      "deathly_galeslash"
    ],
    [
      "razorwhip"
    ],
    [
      "scuttleclaw"
    ],
    [
      "speed_stinger"
    ],
    [
      "stinger"
    ]
  ],
  "rewards": {
    "experience": 5000
  }
}