{
  "display": {
    "icon": {
      "item": "minecraft:iron_nugget",
      "nbt": "{CustomModelData:201018}"
    },
    "title": {
      "translate": "Silver Phantom"
    },
    "description": {
      "translate": "Silver Phantom"
    },
    "frame": "challenge",
    "show_toast": true,
    "announce_to_chat": true
  },
  "parent": "isleofberk:stoker",
  "criteria": {
    "silver_phantom": {
      "trigger": "minecraft:tame_animal",
      "conditions": {
        "entity": {
          "nbt": "{Tags:[\"silver_phantom\"]}"
        }
      }
    }
  },
  "requirements":[
    [
      "silver_phantom"
    ]
  ],
  "rewards": {
    "experience": 250
  }
}