{
  "display": {
    "icon": {
      "item": "minecraft:iron_nugget",
      "nbt": "{CustomModelData:201019}"
    },
    "title": {
      "translate": "Singe Stryke"
    },
    "description": {
      "translate": "Singe Stryke"
    },
    "frame": "goal",
    "show_toast": true,
    "announce_to_chat": true
  },
  "parent": "isleofberk:strike",
  "criteria": {
    "singe_stryke": {
      "trigger": "minecraft:tame_animal",
      "conditions": {
        "entity": {
          "nbt": "{Tags:[\"singe_stryke\"]}"
        }
      }
    }
  },
  "requirements":[
    [
      "singe_stryke"
    ]
  ],
  "rewards": {
    "experience": 250
  }
}