{
  "display": {
    "icon": {
      "item": "isleofberk:skrill_spawn_egg"
    },
    "title": {
      "translate": "Skrill"
    },
    "description": {
      "translate": "Skrill"
    },
    "frame": "goal",
    "show_toast": true,
    "announce_to_chat": true
  },
  "parent": "isleofberk:strike",
  "criteria": {
    "skrill": {
      "trigger": "minecraft:tame_animal",
      "conditions": {
        "entity": {
          "nbt": "{Tags:[\"skrill\"]}"
        }
      }
    }
  },
  "requirements":[
    [
      "skrill"
    ]
  ],
  "rewards": {
    "experience": 250
  }
}