{
  "display": {
    "icon": {
      "item": "isleofberk:stinger_spawn_egg"
    },
    "title": {
      "translate": "Stinger"
    },
    "description": {
      "translate": "Mind out for the pointy bit"
    },
    "frame": "goal",
    "show_toast": true,
    "announce_to_chat": true
  },
  "parent": "isleofberk:sharp",
  "criteria": {
    "stinger": {
      "trigger": "minecraft:tame_animal",
      "conditions": {
        "entity": {
          "nbt": "{Tags:[\"stinger\"]}"
        }
      }
    }
  },
  "requirements":[
    [
      "stinger"
    ]
  ],
  "rewards": {
    "experience": 250
  }
}