{
  "display": {
    "icon": {
      "item": "minecraft:globe_banner_pattern"
    },
    "title": {
      "translate": "advancement.stoker.title"
    },
    "description": {
      "translate": "advancement.stoker.desc"
    },
    "frame": "task",
    "show_toast": true,
    "announce_to_chat": true
  },
  "parent": "isleofberk:isleofberk",
  "criteria": {
    "silver_phantom": {
      "trigger": "minecraft:tame_animal",
      "conditions": {
        "entity": {
          "nbt": "{Tags:[\"silver_phantom\"]}"
        }
      }
    },
    "singetail": {
      "trigger": "minecraft:tame_animal",
      "conditions": {
        "entity": {
          "nbt": "{Tags:[\"singetail\"]}"
        }
      }
    },
    "storming_nightmare": {
      "trigger": "minecraft:tame_animal",
      "conditions": {
        "entity": {
          "nbt": "{Tags:[\"storming_nightmare\"]}"
        }
      }
    },
    "magma_breather": {
      "trigger": "minecraft:tame_animal",
      "conditions": {
        "entity": {
          "nbt": "{Tags:[\"magma_breather\"]}"
        }
      }
    },
    "monstrous_nightmare": {
      "trigger": "minecraft:tame_animal",
      "conditions": {
        "entity": {
          "nbt": "{Tags:[\"monstrous_nightmare\"]}"
        }
      }
    },
    "terrible_terror": {
      "trigger": "minecraft:tame_animal",
      "conditions": {
        "entity": {
          "nbt": "{Tags:[\"terrible_terror\"]}"
        }
      }
    }
  },
  "requirements":[
    [
      "silver_phantom",
      "singetail",
      "storming_nightmare",
      "magma_breather",
      "monstrous_nightmare",
      "terrible_terror"
    ]
  ],
  "rewards": {
    "experience": 100
  }
}