{
  "display": {
    "icon": {
      "item": "minecraft:iron_nugget",
      "nbt": "{CustomModelData:201026}"
    },
    "title": {
      "translate": "Storming Nightmare"
    },
    "description": {
      "translate": "Storming Nightmare"
    },
    "frame": "goal",
    "show_toast": true,
    "announce_to_chat": true
  },
  "parent": "isleofberk:stoker",
  "criteria": {
    "storming_nightmare": {
      "trigger": "minecraft:tame_animal",
      "conditions": {
        "entity": {
          "nbt": "{Tags:[\"storming_nightmare\"]}"
        }
      }
    }
  },
  "requirements":[
    [
      "storming_nightmare"
    ]
  ],
  "rewards": {
    "experience": 250
  }
}