{
  "display": {
    "icon": {
      "item": "minecraft:creeper_banner_pattern"
    },
    "title": {
      "translate": "Strike Collector"
    },
    "description": {
      "translate": "Strike Collector"
    },
    "frame": "challenge",
    "hidden": true,
    "show_toast": true,
    "announce_to_chat": true
  },
  "parent": "isleofberk:strike",
  "criteria": {
    "woolly_howl": {
      "trigger": "minecraft:tame_animal",
      "conditions": {
        "entity": {
          "nbt": "{Tags:[\"woolly_howl\"]}"
        }
      }
    },
    "singe_stryke": {
      "trigger": "minecraft:tame_animal",
      "conditions": {
        "entity": {
          "nbt": "{Tags:[\"singe_stryke\"]}"
        }
      }
    },
    "skrillknapper": {
      "trigger": "minecraft:tame_animal",
      "conditions": {
        "entity": {
          "nbt": "{Tags:[\"skrillknapper\"]}"
        }
      }
    },
    "deathgripper": {
      "trigger": "minecraft:tame_animal",
      "conditions": {
        "entity": {
          "nbt": "{Tags:[\"deathgripper\"]}"
        }
      }
    },
    "light_fury": {
      "trigger": "minecraft:tame_animal",
      "conditions": {
        "entity": {
          "nbt": "{Tags:[\"light_fury\"]}"
        }
      }
    },
    "light_night": {
      "trigger": "minecraft:tame_animal",
      "conditions": {
        "entity": {
          "nbt": "{Tags:[\"light_night\"]}"
        }
      }
    },
    "night_light": {
      "trigger": "minecraft:tame_animal",
      "conditions": {
        "entity": {
          "nbt": "{Tags:[\"night_light\"]}"
        }
      }
    },
    "night_fury": {
      "trigger": "minecraft:tame_animal",
      "conditions": {
        "entity": {
          "nbt": "{Tags:[\"night_fury\"]}"
        }
      }
    },
    "skrill": {
      "trigger": "minecraft:tame_animal",
      "conditions": {
        "entity": {
          "nbt": "{Tags:[\"skrill\"]}"
        }
      }
    },
    "triple_stryke": {
      "trigger": "minecraft:tame_animal",
      "conditions": {
        "entity": {
          "nbt": "{Tags:[\"triple_stryke\"]}"
        }
      }
    }
  },
  "requirements":[
    [
      "woolly_howl"
    ],
    [
      "singe_stryke"
    ],
    [
      "skrillknapper"
    ],
    [
      "deathgripper"
    ],
    [
      "light_fury"
    ],
    [
      "light_night"
    ],
    [
      "night_light"
    ],
    [
      "night_fury"
    ],
    [
      "skrill"
    ],
    [
      "triple_stryke"
    ]
  ],
  "rewards": {
    "experience": 5000
  }
}