{
  "display": {
    "icon": {
      "item": "minecraft:pink_dye"
    },
    "title": {
      "translate": "Taste the Rainbow"
    },
    "description": {
      "translate": "Take damage from every variant of Speed Stinger"
    },
    "frame": "challenge",
    "show_toast": true,
    "hidden": true,
    "announce_to_chat": true
  },
  "parent": "isleofberk:speed_stinger",
  "criteria": {
    "albino_speed_stinger": {
      "trigger": "minecraft:entity_hurt_player",
      "conditions": {
        "damage": {
          "source_entity": {
            "type": "isleofberk:speed_stinger",
            "nbt": "{VariantName:\"albino_speed_stinger\"}"
          }
        }
      }
    },
    "blue": {
      "trigger": "minecraft:entity_hurt_player",
      "conditions": {
        "damage": {
          "source_entity": {
            "type": "isleofberk:speed_stinger",
            "nbt": "{VariantName:\"blue\"}"
          }
        }
      }
    },
    "charlie": {
      "trigger": "minecraft:entity_hurt_player",
      "conditions": {
        "damage": {
          "source_entity": {
            "type": "isleofberk:speed_stinger",
            "nbt": "{VariantName:\"charlie\"}"
          }
        }
      }
    },
    "delta": {
      "trigger": "minecraft:entity_hurt_player",
      "conditions": {
        "damage": {
          "source_entity": {
            "type": "isleofberk:speed_stinger",
            "nbt": "{VariantName:\"delta\"}"
          }
        }
      }
    },
    "echo": {
      "trigger": "minecraft:entity_hurt_player",
      "conditions": {
        "damage": {
          "source_entity": {
            "type": "isleofberk:speed_stinger",
            "nbt": "{VariantName:\"echo\"}"
          }
        }
      }
    },
    "exotic": {
      "trigger": "minecraft:entity_hurt_player",
      "conditions": {
        "damage": {
          "source_entity": {
            "type": "isleofberk:speed_stinger",
            "nbt": "{VariantName:\"exotic\"}"
          }
        }
      }
    },
    "floutscout": {
      "trigger": "minecraft:entity_hurt_player",
      "conditions": {
        "damage": {
          "source_entity": {
            "type": "isleofberk:speed_stinger",
            "nbt": "{VariantName:\"floutscout\"}"
          }
        }
      }
    },
    "floutscout_leader": {
      "trigger": "minecraft:entity_hurt_player",
      "conditions": {
        "damage": {
          "source_entity": {
            "type": "isleofberk:speed_stinger",
            "nbt": "{VariantName:\"floutscout_leader\"}"
          }
        }
      }
    },
    "ghost": {
      "trigger": "minecraft:entity_hurt_player",
      "conditions": {
        "damage": {
          "source_entity": {
            "type": "isleofberk:speed_stinger",
            "nbt": "{VariantName:\"ghost\"}"
          }
        }
      }
    },
    "ice_breaker": {
      "trigger": "minecraft:entity_hurt_player",
      "conditions": {
        "damage": {
          "source_entity": {
            "type": "isleofberk:speed_stinger",
            "nbt": "{VariantName:\"ice_breaker\"}"
          }
        }
      }
    },
    "ice_breaker_leader": {
      "trigger": "minecraft:entity_hurt_player",
      "conditions": {
        "damage": {
          "source_entity": {
            "type": "isleofberk:speed_stinger",
            "nbt": "{VariantName:\"ice_breaker_leader\"}"
          }
        }
      }
    },
    "lightstrike": {
      "trigger": "minecraft:entity_hurt_player",
      "conditions": {
        "damage": {
          "source_entity": {
            "type": "isleofberk:speed_stinger",
            "nbt": "{VariantName:\"lightstrike\"}"
          }
        }
      }
    },
    "lightstrike_alpha": {
      "trigger": "minecraft:entity_hurt_player",
      "conditions": {
        "damage": {
          "source_entity": {
            "type": "isleofberk:speed_stinger",
            "nbt": "{VariantName:\"lightstrike_alpha\"}"
          }
        }
      }
    },
    "melanistic_speed_stinger": {
      "trigger": "minecraft:entity_hurt_player",
      "conditions": {
        "damage": {
          "source_entity": {
            "type": "isleofberk:speed_stinger",
            "nbt": "{VariantName:\"melanistic_speed_stinger\"}"
          }
        }
      }
    },
    "panthera": {
      "trigger": "minecraft:entity_hurt_player",
      "conditions": {
        "damage": {
          "source_entity": {
            "type": "isleofberk:speed_stinger",
            "nbt": "{VariantName:\"panthera\"}"
          }
        }
      }
    },
    "red": {
      "trigger": "minecraft:entity_hurt_player",
      "conditions": {
        "damage": {
          "source_entity": {
            "type": "isleofberk:speed_stinger",
            "nbt": "{VariantName:\"red\"}"
          }
        }
      }
    },
    "speed_stinger": {
      "trigger": "minecraft:entity_hurt_player",
      "conditions": {
        "damage": {
          "source_entity": {
            "type": "isleofberk:speed_stinger",
            "nbt": "{VariantName:\"speed_stinger\"}"
          }
        }
      }
    },
    "speed_stinger_leader": {
      "trigger": "minecraft:entity_hurt_player",
      "conditions": {
        "damage": {
          "source_entity": {
            "type": "isleofberk:speed_stinger",
            "nbt": "{VariantName:\"speed_stinger_leader\"}"
          }
        }
      }
    },
    "sweet_sting": {
      "trigger": "minecraft:entity_hurt_player",
      "conditions": {
        "damage": {
          "source_entity": {
            "type": "isleofberk:speed_stinger",
            "nbt": "{VariantName:\"sweet_sting\"}"
          }
        }
      }
    },
    "sweet_sting_leader": {
      "trigger": "minecraft:entity_hurt_player",
      "conditions": {
        "damage": {
          "source_entity": {
            "type": "isleofberk:speed_stinger",
            "nbt": "{VariantName:\"sweet_sting_leader\"}"
          }
        }
      }
    },
    "tiger": {
      "trigger": "minecraft:entity_hurt_player",
      "conditions": {
        "damage": {
          "source_entity": {
            "type": "isleofberk:speed_stinger",
            "nbt": "{VariantName:\"tiger\"}"
          }
        }
      }
    },
    "timberprickle": {
      "trigger": "minecraft:entity_hurt_player",
      "conditions": {
        "damage": {
          "source_entity": {
            "type": "isleofberk:speed_stinger",
            "nbt": "{VariantName:\"timberprickle\"}"
          }
        }
      }
    },
    "timberprickle_alpha": {
      "trigger": "minecraft:entity_hurt_player",
      "conditions": {
        "damage": {
          "source_entity": {
            "type": "isleofberk:speed_stinger",
            "nbt": "{VariantName:\"timberprickle_alpha\"}"
          }
        }
      }
    },
    "titan": {
      "trigger": "minecraft:entity_hurt_player",
      "conditions": {
        "damage": {
          "source_entity": {
            "type": "isleofberk:speed_stinger",
            "nbt": "{VariantName:\"titan\"}"
          }
        }
      }
    }
  },
  "requirements":[
    [
      "albino_speed_stinger"
    ],
    [
      "blue"
    ],
    [
      "charlie"
    ],
    [
      "delta"
    ],
    [
      "echo"
    ],
    [
      "exotic"
    ],
    [
      "floutscout"
    ],
    [
      "floutscout_leader"
    ],
    [
      "ghost"
    ],
    [
      "ice_breaker"
    ],
    [
      "ice_breaker_leader"
    ],
    [
      "lightstrike"
    ],
    [
      "lightstrike_alpha"
    ],
    [
      "melanistic_speed_stinger"
    ],
    [
      "panthera"
    ],
    [
      "red"
    ],
    [
      "speed_stinger"
    ],
    [
      "speed_stinger_leader"
    ],
    [
      "sweet_sting"
    ],
    [
      "sweet_sting_leader"
    ],
    [
      "tiger"
    ],
    [
      "timberprickle"
    ],
    [
      "timberprickle_alpha"
    ],
    [
      "titan"
    ]
  ],
  "rewards": {
    "experience": 7500
  }
}