{
  "display": {
    "icon": {
      "item": "isleofberk:terrible_terror_spawn_egg"
    },
    "title": {
      "translate": "Terrible Terror"
    },
    "description": {
      "translate": "Terrible Terror"
    },
    "frame": "goal",
    "show_toast": true,
    "announce_to_chat": true
  },
  "parent": "isleofberk:stoker",
  "criteria": {
    "terrible_terror": {
      "trigger": "minecraft:tame_animal",
      "conditions": {
        "entity": {
          "nbt": "{Tags:[\"terrible_terror\"]}"
        }
      }
    }
  },
  "requirements":[
    [
      "terrible_terror"
    ]
  ],
  "rewards": {
    "experience": 250
  }
}