{
  "display": {
    "icon": {
      "item": "minecraft:mojang_banner_pattern"
    },
    "title": {
      "translate": "Tidal Collector"
    },
    "description": {
      "translate": "Tidal Collector"
    },
    "frame": "challenge",
    "show_toast": true,
    "hidden": true,
    "announce_to_chat": true
  },
  "parent": "isleofberk:tidal",
  "criteria": {
    "sandwraith": {
      "trigger": "minecraft:tame_animal",
      "conditions": {
        "entity": {
          "nbt": "{Tags:[\"sandwraith\"]}"
        }
      }
    }
  },
  "requirements":[
    [
      "sandwraith"
    ]
  ],
  "rewards": {
    "experience": 5000
  }
}