{
  "display": {
    "icon": {
      "item": "minecraft:knowledge_book"
    },
    "title": {
      "translate": "Tracker Collector"
    },
    "description": {
      "translate": "Tracker Collector"
    },
    "frame": "challenge",
    "show_toast": true,
    "hidden": true,
    "announce_to_chat": true
  },
  "parent": "isleofberk:tracker",
  "criteria": {
    "rumblehorn": {
      "trigger": "minecraft:tame_animal",
      "conditions": {
        "entity": {
          "nbt": "{Tags:[\"rumblehorn\"]}"
        }
      }
    },
    "deadly_nadder": {
      "trigger": "minecraft:tame_animal",
      "conditions": {
        "entity": {
          "nbt": "{Tags:[\"deadly_nadder\"]}"
        }
      }
    }
  },
  "requirements":[
    [
      "rumblehorn"
    ],
    [
      "deadly_nadder"
    ]
  ],
  "rewards": {
    "experience": 5000
  }
}