{
  "display": {
    "icon": {
      "item": "isleofberk:triple_stryke_spawn_egg"
    },
    "title": {
      "translate": "Triple Stryke"
    },
    "description": {
      "translate": "Triple Stryke"
    },
    "frame": "goal",
    "show_toast": true,
    "announce_to_chat": true
  },
  "parent": "isleofberk:strike",
  "criteria": {
    "triple_stryke": {
      "trigger": "minecraft:tame_animal",
      "conditions": {
        "entity": {
          "nbt": "{Tags:[\"triple_stryke\"]}"
        }
      }
    }
  },
  "requirements":[
    [
      "triple_stryke"
    ]
  ],
  "rewards": {
    "experience": 250
  }
}