{
  "display": {
    "icon": {
      "item": "minecraft:iron_nugget",
      "nbt": "{CustomModelData:201027}"
    },
    "title": {
      "translate": "Whispering Death"
    },
    "description": {
      "translate": "Whispering Death"
    },
    "frame": "goal",
    "show_toast": true,
    "announce_to_chat": true
  },
  "parent": "isleofberk:boulder",
  "criteria": {
    "whispering_death": {
      "trigger": "minecraft:tame_animal",
      "conditions": {
        "entity": {
          "nbt": "{Tags:[\"whispering_death\"]}"
        }
      }
    }
  },
  "requirements":[
    [
      "whispering_death"
    ]
  ],
  "rewards": {
    "experience": 250
  }
}