{
  "display": {
    "icon": {
      "item": "minecraft:iron_nugget",
      "nbt": "{CustomModelData:201028}"
    },
    "title": {
      "translate": "Woolly Howl"
    },
    "description": {
      "translate": "Fluffy"
    },
    "frame": "goal",
    "show_toast": true,
    "announce_to_chat": true
  },
  "parent": "isleofberk:strike",
  "criteria": {
    "woolly_howl": {
      "trigger": "minecraft:tame_animal",
      "conditions": {
        "entity": {
          "nbt": "{Tags:[\"woolly_howl\"]}"
        }
      }
    }
  },
  "requirements":[
    [
      "woolly_howl"
    ]
  ],
  "rewards": {
    "experience": 250
  }
}