{
  "display": {
    "icon": {
      "item": "isleofberk:zippleback_spawn_egg"
    },
    "title": {
      "translate": "Hideous Zippleback"
    },
    "description": {
      "translate": "Hideous Zippleback"
    },
    "frame": "goal",
    "show_toast": true,
    "announce_to_chat": true
  },
  "parent": "isleofberk:mystery",
  "criteria": {
    "zippleback": {
      "trigger": "minecraft:tame_animal",
      "conditions": {
        "entity": {
          "nbt": "{Tags:[\"zippleback\"]}"
        }
      }
    }
  },
  "requirements":[
    [
      "zippleback"
    ]
  ],
  "rewards": {
    "experience": 250
  }
}