{
    "variants": [
        {
            "name": "cinderpot",
            "weight": 10000
        },
        {
            "name": "cinderpot_alpha",
            "weight": 100
        },
        {
            "name": "dawn",
            "weight": 10000
        },
        {
            "name": "dawn_alpha",
            "weight": 100
        },
        {
            "name": "freckles",
            "weight": 10000
        },
        {
            "name": "freckles_alpha",
            "weight": 100
        },
        {
            "name": "goggles",
            "weight": 10000
        },
        {
            "name": "goggles_alpha",
            "weight": 100
        },
        {
            "name": "harleking",
            "weight": 10000
        },
        {
            "name": "harleking_alpha",
            "weight": 100
        },
        {
            "name": "shimmer",
            "weight": 10000
        },
        {
            "name": "shimmer_alpha",
            "weight": 100
        },
        {
            "name": "snowflake",
            "weight": 10000
        },
        {
            "name": "snowflake_alpha",
            "weight": 100
        },
        {
            "name": "speckle",
            "weight": 10000
        },
        {
            "name": "speckle_alpha",
            "weight": 100
        },
        {
            "name": "yang",
            "weight": 10000
        },
        {
            "name": "yin",
            "weight": 10000
        },





        {
            "name": "appaloosa",
            "weight": 10000
        },
        {
            "name": "appaloosa_alpha",
            "weight": 100
        },
        {
            "name": "ashwing",
            "weight": 10000
        },
        {
            "name": "ashwing_alpha",
            "weight": 100
        },
        {
            "name": "dart",
            "weight": 10000
        },
        {
            "name": "dart_alpha",
            "weight": 100
        },
        {
            "name": "dusk",
            "weight": 10000
        },
        {
            "name": "dusk_alpha",
            "weight": 100
        },
        {
            "name": "harlequeen",
            "weight": 10000
        },
        {
            "name": "harlequeen_alpha",
            "weight": 100
        },
        {
            "name": "iridescence",
            "weight": 10000
        },
        {
            "name": "iridescence_alpha",
            "weight": 100
        },
        {
            "name": "leopard",
            "weight": 10000
        },
        {
            "name": "leopard_alpha",
            "weight": 100
        },
        {
            "name": "nightdancer",
            "weight": 10000
        },
        {
            "name": "nightdancer_alpha",
            "weight": 100
        },
        {
            "name": "pouncer",
            "weight": 10000
        },
        {
            "name": "pouncer_alpha",
            "weight": 100
        },
        {
            "name": "ruffrunner",
            "weight": 10000
        },
        {
            "name": "ruffrunner_alpha",
            "weight": 100
        },
        {
            "name": "skydancer",
            "weight": 10000
        },
        {
            "name": "skydancer_alpha",
            "weight": 100
        },
        {
            "name": "snow_owl",
            "weight": 10000
        },
        {
            "name": "snow_owl_alpha",
            "weight": 100
        },
        {
            "name": "tiger",
            "weight": 10000
        },
        {
            "name": "tiger_alpha",
            "weight": 100
        }
    ]
}