{
    "variants": [
        {
            "name": "albino_speed_stinger",
            "weight": 100
        },
        {
            "name": "blue",
            "weight": 10000
        },
        {
            "name": "charlie",
            "weight": 10000
        },
        {
            "name": "delta",
            "weight": 10000
        },
        {
            "name": "echo",
            "weight": 10000
        },
        {
            "name": "exotic",
            "weight": 10000
        },
        {
            "name": "floutscout",
            "weight": 10000
        },
        {
            "name": "floutscout_leader",
            "weight": 1000
        },
        {
            "name": "ice_breaker",
            "weight": 10000
        },
        {
            "name": "ice_breaker_leader",
            "weight": 1000
        },
        {
            "name": "lightstrike",
            "weight": 10000
        },
        {
            "name": "lightstrike_alpha",
            "weight": 1000
        },
        {
            "name": "melanistic_speed_stinger",
            "weight": 100
        },
        {
            "name": "speed_stinger",
            "weight": 10000
        },
        {
            "name": "speed_stinger_leader",
            "weight": 1000
        },
        {
            "name": "sweet_sting",
            "weight": 10000
        },
        {
            "name": "sweet_sting_leader",
            "weight": 1000
        },
        {
            "name": "timberprickle",
            "weight": 10000
        },
        {
            "name": "timberprickle_alpha",
            "weight": 1000
        },
        {
            "name": "titan",
            "weight": 1000
        },
        {
            "name": "ghost",
            "weight": 10000
        },
        {
            "name": "panthera",
            "weight": 10000
        },
        {
            "name": "red",
            "weight": 10000
        },
        {
            "name": "tiger",
            "weight": 10000
        }
    ]
}