{
  "type": "entity",
  "pools": [
    {
      "rolls": 1,
      "entries": [
        {
          "type": "loot_table",
          "weight": 2,
          "name": "additions:boulder",
          "functions": [
            {
              "function": "set_count",
              "count": 1
            }
          ]
        },
        {
          "type": "loot_table",
          "weight": 2,
          "name": "additions:mystery",
          "functions": [
            {
              "function": "set_count",
              "count": 1
            }
          ]
        },
        {
          "type": "loot_table",
          "weight": 2,
          "name": "additions:sharp",
          "functions": [
            {
              "function": "set_count",
              "count": 1
            }
          ]
        },
        {
          "type": "loot_table",
          "weight": 2,
          "name": "additions:stoker",
          "functions": [
            {
              "function": "set_count",
              "count": 1
            }
          ]
        },
        {
          "type": "loot_table",
          "weight": 2,
          "name": "additions:strike",
          "functions": [
            {
              "function": "set_count",
              "count": 1
            }
          ]
        },
        {
          "type": "loot_table",
          "weight": 1,
          "name": "additions:tracker_tidal",
          "functions": [
            {
              "function": "set_count",
              "count": 1
            }
          ]
        },
        {
          "type": "empty",
          "weight": 20
        }
      ]
    },
    {
      "rolls": 1,
      "entries": [
        {
          "type": "item",
          "weight": 10,
          "name": "minecraft:emerald",
          "functions": [
            {
              "function": "set_count",
              "count": {
                "min": 1,
                "max": 3
              }
            }
          ]
        },
        {
          "type": "item",
          "weight": 3,
          "name": "minecraft:chainmail_helmet",
          "functions": [
            {
              "function": "set_count",
              "count": 1
            },
            {
              "function": "set_name",
              "name": [
                {
                  "text": "Dragon Hunter Helmet",
                  "color": "dark_aqua"
                }
              ]
            },
            {
              "function": "set_lore",
              "lore": [
                {
                  "text": "Armor fit for a Dragon Hunter!",
                  "color": "gold",
                  "italic": "true",
                  "underlined": "true"
                }
              ]
            }
          ]
        },
        {
          "type": "item",
          "weight": 3,
          "name": "minecraft:chainmail_chestplate",
          "functions": [
            {
              "function": "set_count",
              "count": 1
            },
            {
              "function": "set_name",
              "name": [
                {
                  "text": "Dragon Hunter Vest",
                  "color": "dark_aqua"
                }
              ]
            },
            {
              "function": "set_lore",
              "lore": [
                {
                  "text": "Armor fit for a Dragon Hunter!",
                  "color": "gold"
                }
              ]
            }
          ]
        },
        {
          "type": "item",
          "weight": 3,
          "name": "minecraft:chainmail_leggings",
          "functions": [
            {
              "function": "set_count",
              "count": 1
            },
            {
              "function": "set_name",
              "name": [
                {
                  "text": "Dragon Hunter Kama",
                  "color": "dark_aqua"
                }
              ]
            },
            {
              "function": "set_lore",
              "lore": [
                {
                  "text": "Armor fit for a Dragon Hunter!",
                  "color": "gold",
                  "italic": "true",
                  "underlined": "true"
                }
              ]
            }
          ]
        },
        {
          "type": "item",
          "weight": 3,
          "name": "minecraft:chainmail_boots",
          "functions": [
            {
              "function": "set_count",
              "count": 1
            },
            {
              "function": "set_name",
              "name": [
                {
                  "text": "Dragon Hunter Boots",
                  "color": "dark_aqua"
                }
              ]
            },
            {
              "function": "set_lore",
              "lore": [
                {
                  "text": "Armor fit for a Dragon Hunter!",
                  "color": "gold",
                  "italic": "true",
                  "underlined": "true"
                }
              ]
            }
          ]
        }
      ]
    }
  ]
}